/*
Navicat MySQL Data Transfer

Source Server         : 10.10.203.10
Source Server Version : 50639
Source Host           : 10.10.203.10:3306
Source Database       : jstestplateform

Target Server Type    : MYSQL
Target Server Version : 50639
File Encoding         : 65001

Date: 2019-01-26 10:51:19
*/

SET FOREIGN_KEY_CHECKS=0;

-- ----------------------------
-- Table structure for mock
-- ----------------------------
DROP TABLE IF EXISTS `mock`;
CREATE TABLE `mock` (
  `id` varchar(50) NOT NULL COMMENT '主键',
  `mockName` varchar(100) DEFAULT NULL COMMENT '接口名称',
  `comment` varchar(100) DEFAULT NULL,
  `contenttype` varchar(100) DEFAULT NULL,
  `createTime` datetime NOT NULL,
  `responseParameter` text COMMENT '响应参数',
  `path` varchar(100) DEFAULT NULL,
  `projectId` varchar(50) NOT NULL COMMENT '项目主键',
  `responseCode` varchar(16) DEFAULT '200' COMMENT '返回码',
  `status` varchar(16) NOT NULL DEFAULT 'NORMAL' COMMENT '状态',
  PRIMARY KEY (`id`)
) ENGINE=InnoDB DEFAULT CHARSET=utf8 COMMENT='测试用例表';

-- ----------------------------
-- Records of mock
-- ----------------------------
INSERT INTO `mock` VALUES ('292303be4d634ccabf383ba1c139f7e1', '动态二维码下发', '动态二维码下发功能测试', 'application/json', '2019-01-17 13:55:55', '动态二维码下发功能测试', '/mockTest/dynamicCode', '79f0ed694c5a463090a49a8569887ac0', '404', 'NORMAL');
INSERT INTO `mock` VALUES ('40851a998ba34fa69cea6081d9a732f8', '云端车牌识别', 'dsfas ewqrewq rw', 'application/json', '2018-12-02 17:09:25', '{\n  \"overTimeYSMoney\" : 1.0,\n  \"overTimeHGMoney\" : 2.0,\n  \"feestime\" : \"2018-11-30 09:29:00\",\n  \"equipmentId\" : \"15172ab3cc07425cbb2e2a7bc62c9f88\",\n  \"parkId\" : \"b29efd2bb10242429940212fc5249758\",\n  \"replaceDeduct\" : 0,\n  \"payType\" : \"CASH\",\n  \"outMode\" : \"DISCNTFREE\",\n  \"cardTypeId\" : \"4505859ccbc34a88b6c39290413dfee8\",\n  \"freeMoney\" : 0,\n  \"controlFour\" : \"0000003246\",\n  \"equipId\" : \"15172ab3cc07425cbb2e2a7bc62c9f88\",\n  \"dkTag\" : 0,\n  \"subsystemId\" : \"ff808081554decb10156ba30887303bd\",\n  \"outCarPhoto\" : \"0000008702/NISSP_IMG_PARK_OUT/20180903/0054d387b88a47aeac73eba2c7fed207\",\n  \"dataType\" : 1,\n  \"overTimeFlag\" : 0,\n  \"eventType\" : \"BRUSHCARD\",\n  \"idno\" : \"0E4A2DE40524\",\n  \"inRecordId\" : \"4554d387b88a42aeacddeba1c12ea1a2\",\n  \"carNumber\" : \"藏-SZX220\",\n  \"itemId\" : \"5de22da521b11aadcaafae23d1db3a31f\",\n  \"overTimeYHMoney\" : 8.0,\n  \"cardId\" : \"11111111111111111111111111111111\",\n  \"controlUnitId\" : \"ff808081554decb10156afcdba22037b\",\n  \"outTimeInt\" : \"1537692622\",\n  \"parkCode\" : \"Test_huguobiao\",\n  \"hgMoney\" : 0.0,\n  \"outTime\" : \"2018-11-30 09:29:00\",\n  \"genTrans\" : 0,\n  \"overChargeTime\" : \"2018-11-29 16:55:00\",\n  \"userTypeId\" : \"4505859ccbc34a88b6c39290413dfee8\",\n  \"isReal\" : 0,\n  \"sendFlag\" : 1,\n  \"parkName\" : \"胡国彪测试车场\",\n  \"ysMoney\" : 8.0,\n  \"fileSendCount\" : 0,\n  \"yhMoney\" : 8.0,\n  \"parkingTime\" : 5647,\n  \"operatorName\" : \"何印茹\",\n  \"withHoldMoney\" : 0,\n  \"inEquipId\" : \"587b7c20dabb43ecae2f75c5d3010704\",\n  \"inEquipName\" : \"LG-BA双进右14\",\n  \"controlTwo\" : \"cqfgs\",\n  \"outOperator\" : \"何印茹\",\n  \"outEquipCode\" : \"20\",\n  \"overTimeSSMoney\" : 0.0,\n  \"ssMoney\" : 0.0,\n  \"controlThree\" : \"hrzdcq\",\n  \"parkInId\" : \"9de13da59944499ca7bb958d4db4722f\",\n  \"inTotal\" : 0,\n  \"payTypeName\" : \"CASH\",\n  \"inTime\" : \"2018-11-27 09:52:00\",\n  \"outEquipName\" : \"BA-LG双出右16\",\n  \"inEquipCode\" : \"2\",\n  \"recordFlags\" : {\n    \"plateNoFrom\" : 1,\n    \"onlineCalcType\" : \"CFTC\"\n  }\n}', '/mockTest/api', '633d7be9d4644615b769b91db47c4225', '500', 'NORMAL');
INSERT INTO `mock` VALUES ('442de36494564d9db7289b7e39d83e74', '订单反查接口', '订单反查接口', 'application/json', '2018-12-25 18:33:56', '{\"result\":\"100\"}', '/mockTest/serach', '633d7be9d4644615b769b91db47c4225', '200', 'NORMAL');
INSERT INTO `mock` VALUES ('6f81b56facd24f6680db26c9189f7b2e', '出场记录推送', '出场记录推送', 'application/json', '2019-01-23 18:31:35', '{\"resultCode\":0,\n\"msg\":\"处理成功！\"\n}', '/mockTest/park/parkOut', '6ecad16d1bc5420fb435b92e815663ed', '200', 'NORMAL');
INSERT INTO `mock` VALUES ('bc6fd4fc8b7348ea82b1cf0d3aa30280', '入场记录推送', '数据中心入场推送', 'application/json', '2019-01-23 18:30:48', '{\"resultCode\":0,\n \"msg\":\"处理成功\"\n}', '/mockTest/park/parkIn', '6ecad16d1bc5420fb435b92e815663ed', '200', 'NORMAL');

-- ----------------------------
-- Table structure for performance
-- ----------------------------
DROP TABLE IF EXISTS `performance`;
CREATE TABLE `performance` (
  `id` varchar(32) NOT NULL,
  `Label` varchar(64) DEFAULT NULL,
  `ThreadNum` int(16) DEFAULT NULL,
  `Samples` varchar(255) DEFAULT NULL,
  `Average` varchar(64) DEFAULT NULL,
  `Median` varchar(64) DEFAULT NULL,
  `Line90` varchar(64) DEFAULT NULL,
  `Line95` varchar(64) DEFAULT NULL,
  `Line99` varchar(64) DEFAULT NULL,
  `Min` varchar(64) DEFAULT NULL,
  `Max` varchar(64) DEFAULT NULL,
  `Error` varchar(64) DEFAULT NULL,
  `Throughput` varchar(64) DEFAULT NULL,
  `Received` varchar(255) DEFAULT NULL,
  `Sent` varchar(255) DEFAULT NULL,
  `projectId` varchar(32) DEFAULT NULL,
  `createTime` datetime DEFAULT NULL ON UPDATE CURRENT_TIMESTAMP,
  PRIMARY KEY (`id`)
) ENGINE=InnoDB DEFAULT CHARSET=utf8;

-- ----------------------------
-- Records of performance
-- ----------------------------
INSERT INTO `performance` VALUES ('40851a998ba34fa69cea6081d9a732f8', '性能测试基线库', '50', '100000', '20ms', '45ms', '50ms', '52ms', '55ms', '10ms', '1080ms', '0.00', '362', '452kb/s', '652kb/s', '40851a998ba34fa69cea6081d9a732f8', '2019-01-21 11:51:16');
INSERT INTO `performance` VALUES ('48d19778731d4cbdb4d1be0876700b30', '相似车辆查询', '30', '100000', '160ms', '200ms', '240ms', '260ms', '360ms', '23ms', '3024ms', '0.00', '360', '485 kb/s', '485 kb/s', '633d7be9d4644615b769b91db47c4225', '2019-01-21 11:51:19');
INSERT INTO `performance` VALUES ('ced8dc8ad6854b7ea5ccccf0a3ae41cd', '车牌生成订单', '100', '100000', '160ms', '200ms', '240ms', '260ms', '360ms', '23ms', '3024ms', '0.00', '360', '485 kb/s', '485 kb/s', '660a5d3cf93043d2a9698525b70485bb', '2019-01-21 11:51:21');
INSERT INTO `performance` VALUES ('f59532ccd86f4663bd6b18fd1bdb3aad', '扫码生成订单', '80', '100000', '160ms', '200ms', '240ms', '260ms', '360ms', '23ms', '3024ms', '0.00', '360', '485 kb/s', '485 kb/s', '633d7be9d4644615b769b91db47c4225', '2019-01-21 11:51:24');

-- ----------------------------
-- Table structure for project
-- ----------------------------
DROP TABLE IF EXISTS `project`;
CREATE TABLE `project` (
  `id` varchar(50) NOT NULL COMMENT '主键',
  `projectName` varchar(100) NOT NULL COMMENT '部门名称',
  `projectHost` varchar(100) DEFAULT NULL COMMENT '项目Host',
  `projectDesc` varchar(300) DEFAULT NULL COMMENT '描述',
  PRIMARY KEY (`id`)
) ENGINE=InnoDB DEFAULT CHARSET=utf8 COMMENT='项目表';

-- ----------------------------
-- Records of project
-- ----------------------------
INSERT INTO `project` VALUES ('633d7be9d4644615b769b91db47c4225', '云服务对外API', '云服务', 'test');
INSERT INTO `project` VALUES ('660a5d3cf93043d2a9698525b70485bb', '集成服务', 'jsifs', '');
INSERT INTO `project` VALUES ('6ecad16d1bc5420fb435b92e815663ed', '数据中心', '10.10.203.204', '数据中心：管理系统、对接系统、集成系统、监控系统、统计系统、API系统');
INSERT INTO `project` VALUES ('79f0ed694c5a463090a49a8569887ac0', '云停车3.0', '10.10.203.161', '云停车3.0');

-- ----------------------------
-- Table structure for sys_dept
-- ----------------------------
DROP TABLE IF EXISTS `sys_dept`;
CREATE TABLE `sys_dept` (
  `id` varchar(50) NOT NULL COMMENT '主键',
  `deptName` varchar(100) NOT NULL COMMENT '部门名称',
  `deptDesc` varchar(300) DEFAULT NULL COMMENT '描述',
  PRIMARY KEY (`id`)
) ENGINE=InnoDB DEFAULT CHARSET=utf8 COMMENT='部门表';

-- ----------------------------
-- Records of sys_dept
-- ----------------------------
INSERT INTO `sys_dept` VALUES ('djcpt329b597d754c4180c6b40cdfb0f565', '基础平台部', 'jcpt');
INSERT INTO `sys_dept` VALUES ('nes44429b597d754c4180c6b40cdfb0f565', '未分组', 'wfz');
INSERT INTO `sys_dept` VALUES ('yfb44429b597d754c4180c6b40cdfb0f565', '研发部', 'yfb');

-- ----------------------------
-- Table structure for sys_log
-- ----------------------------
DROP TABLE IF EXISTS `sys_log`;
CREATE TABLE `sys_log` (
  `id` varchar(50) NOT NULL COMMENT '主键',
  `userName` varchar(50) NOT NULL COMMENT '用户',
  `title` varchar(300) DEFAULT NULL COMMENT '日志',
  `url` varchar(300) DEFAULT NULL COMMENT '地址',
  `params` text COMMENT '参数',
  `createTime` datetime DEFAULT NULL COMMENT '日志时间',
  PRIMARY KEY (`id`)
) ENGINE=InnoDB DEFAULT CHARSET=utf8 COMMENT='日志表';

-- ----------------------------
-- Records of sys_log
-- ----------------------------
INSERT INTO `sys_log` VALUES ('01cc5a5ffc7f400eb236c036274d72ed', 'super', '创建菜单', '/system/menu/doAddMenu', '{\"pid\":[\"1\"],\"code\":[\"10\"],\"menuName\":[\"工具集合\"],\"url\":[\"/\"],\"sort\":[\"10\"],\"icon\":[\"fa-file\"]}', '2018-12-15 12:06:33');
INSERT INTO `sys_log` VALUES ('027b7601e1eb4c7e82a3d379d71e1b22', 'super', '角色分配权限', '/system/role/doAuth', '{\"roleId\":[\"21f45e5543a049be9f169a3f5e6b72a8\"],\"mid[]\":[\"1\",\"2\",\"d2bc30feb5474a1bb7e02d48d39a3f8a\",\"a73802e513cc4465883530ec8074abbb\",\"4253190001c1480fb0d631d64d150535\",\"649b484b58414d91aefa5a26143e6557\",\"3\",\"1db9105008404a3485b6fac30dba3c0e\",\"60dda993d87647f5989c15f14f866df9\",\"686630c7cb624cc786dcdc9958971a6b\",\"b4e7232189b14cf3ba160cf7b0d3bf37\",\"a5ebf29168234406939856bc6890c86b\",\"f899f3d3baec4571b1c786717f9906fd\",\"4\",\"488ef1eff57b4827acade7c0744278ce\",\"3f26102ef0e04c3c9328cb97067cc5fa\",\"dc5f478d98ed4297a8ae638fe90df050\",\"0c9b5fc8b44b41d1871a8fc8300247ec\",\"5\",\"5d3dd56c16ff4e32aecae1b3228159c7\",\"6\",\"7\",\"8\",\"9\",\"3622778e78336a68210b2590163af943\",\"488ef1wwf57b4827acad47c0744278ce\",\"f899f223baec4571b1c786717f9906fd\"]}', '2018-12-01 13:03:52');
INSERT INTO `sys_log` VALUES ('03fba978c3904a349564b00c4cd13ca7', 'super', '用户登录成功', '/login/doLogin', '', '2018-12-05 16:05:11');
INSERT INTO `sys_log` VALUES ('0608063173bc4904867b6c34da288ebb', 'super', '用户登录成功', '/login/doLogin', '', '2018-12-12 19:44:34');
INSERT INTO `sys_log` VALUES ('0629bddcb6844d9592683688da53cbf4', 'super', '编辑用户', '/mock/httpmock/doEdit', '{\"id\":[\"40851a998ba34fa69cea6081d9a732f8\"],\"mockName\":[\"云端车牌识别1\"],\"path\":[\"/test/api\"],\"responseParameter\":[\"{\\n  \\\"overTimeYSMoney\\\" : 8.0,\\n  \\\"overTimeHGMoney\\\" : 0.0,\\n  \\\"feestime\\\" : \\\"2018-11-30 09:29:00\\\",\\n  \\\"equipmentId\\\" : \\\"15172ab3cc07425cbb2e2a7bc62c9f88\\\",\\n  \\\"parkId\\\" : \\\"b29efd2bb10242429940212fc5249758\\\",\\n  \\\"replaceDeduct\\\" : 0,\\n  \\\"payType\\\" : \\\"CASH\\\",\\n  \\\"outMode\\\" : \\\"DISCNTFREE\\\",\\n  \\\"cardTypeId\\\" : \\\"4505859ccbc34a88b6c39290413dfee8\\\",\\n  \\\"freeMoney\\\" : 0,\\n  \\\"controlFour\\\" : \\\"0000003246\\\",\\n  \\\"equipId\\\" : \\\"15172ab3cc07425cbb2e2a7bc62c9f88\\\",\\n  \\\"dkTag\\\" : 0,\\n  \\\"subsystemId\\\" : \\\"ff808081554decb10156ba30887303bd\\\",\\n  \\\"outCarPhoto\\\" : \\\"0000008702/NISSP_IMG_PARK_OUT/20180903/0054d387b88a47aeac73eba2c7fed207\\\",\\n  \\\"dataType\\\" : 1,\\n  \\\"overTimeFlag\\\" : 0,\\n  \\\"eventType\\\" : \\\"BRUSHCARD\\\",\\n  \\\"idno\\\" : \\\"0E4A2DE40524\\\",\\n  \\\"inRecordId\\\" : \\\"4554d387b88a42aeacddeba1c12ea1a2\\\",\\n  \\\"carNumber\\\" : \\\"藏-SZX220\\\",\\n  \\\"itemId\\\" : \\\"5de22da521b11aadcaafae23d1db3a31f\\\",\\n  \\\"overTimeYHMoney\\\" : 8.0,\\n  \\\"cardId\\\" : \\\"11111111111111111111111111111111\\\",\\n  \\\"controlUnitId\\\" : \\\"ff808081554decb10156afcdba22037b\\\",\\n  \\\"outTimeInt\\\" : \\\"1537692622\\\",\\n  \\\"parkCode\\\" : \\\"Test_huguobiao\\\",\\n  \\\"hgMoney\\\" : 0.0,\\n  \\\"outTime\\\" : \\\"2018-11-30 09:29:00\\\",\\n  \\\"genTrans\\\" : 0,\\n  \\\"overChargeTime\\\" : \\\"2018-11-29 16:55:00\\\",\\n  \\\"userTypeId\\\" : \\\"4505859ccbc34a88b6c39290413dfee8\\\",\\n  \\\"isReal\\\" : 0,\\n  \\\"sendFlag\\\" : 1,\\n  \\\"parkName\\\" : \\\"胡国彪测试车场\\\",\\n  \\\"ysMoney\\\" : 8.0,\\n  \\\"fileSendCount\\\" : 0,\\n  \\\"yhMoney\\\" : 8.0,\\n  \\\"parkingTime\\\" : 5647,\\n  \\\"operatorName\\\" : \\\"何印茹\\\",\\n  \\\"withHoldMoney\\\" : 0,\\n  \\\"inEquipId\\\" : \\\"587b7c20dabb43ecae2f75c5d3010704\\\",\\n  \\\"inEquipName\\\" : \\\"LG-BA双进右14\\\",\\n  \\\"controlTwo\\\" : \\\"cqfgs\\\",\\n  \\\"outOperator\\\" : \\\"何印茹\\\",\\n  \\\"outEquipCode\\\" : \\\"20\\\",\\n  \\\"overTimeSSMoney\\\" : 0.0,\\n  \\\"ssMoney\\\" : 0.0,\\n  \\\"controlThree\\\" : \\\"hrzdcq\\\",\\n  \\\"parkInId\\\" : \\\"9de13da59944499ca7bb958d4db4722f\\\",\\n  \\\"inTotal\\\" : 0,\\n  \\\"payTypeName\\\" : \\\"CASH\\\",\\n  \\\"inTime\\\" : \\\"2018-11-27 09:52:00\\\",\\n  \\\"outEquipName\\\" : \\\"BA-LG双出右16\\\",\\n  \\\"inEquipCode\\\" : \\\"2\\\",\\n  \\\"recordFlags\\\" : {\\n    \\\"plateNoFrom\\\" : 1,\\n    \\\"onlineCalcType\\\" : \\\"CFTC\\\"\\n  }\\n}\"],\"contenttype\":[\"application/json\"],\"projectId\":[\"633d7be9d4644615b769b91db47c4225\"],\"comment\":[\"dsfas ewqrewq rw\"]}', '2018-12-02 22:40:53');
INSERT INTO `sys_log` VALUES ('0654a5b57e1a4dae82585cb785a8f7cb', 'super', '编辑菜单', '/system/menu/doEdit', '{\"id\":[\"d17260450ba34ae98328625f7d9132b4\"],\"code\":[\"0908\"],\"menuName\":[\"MD5\"],\"sort\":[\"8\"],\"icon\":[\"fa-folder\"]}', '2018-12-22 13:31:46');
INSERT INTO `sys_log` VALUES ('0747e85272bf40f99962f753962d8d99', 'super', '用户登录成功', '/login/doLogin', '', '2019-01-25 15:23:57');
INSERT INTO `sys_log` VALUES ('087f8f51e1a242319723c636140a4e0a', 'super', '编辑菜单', '/system/menu/doEdit', '{\"id\":[\"5311b418a154496cb13a888db50854a9\"],\"code\":[\"10\"],\"menuName\":[\"性能测试\"],\"sort\":[\"10\"],\"icon\":[\"fa-signalfa-play-circle-o\"]}', '2018-12-27 16:42:41');
INSERT INTO `sys_log` VALUES ('09075c2cde164e1cacbc096ae3e9a3a9', 'super', '用户登录成功', '/login/doLogin', '', '2019-01-10 14:53:26');
INSERT INTO `sys_log` VALUES ('0c61156acfe74457abde40c9566f5b73', 'super', '用户登录成功', '/login/doLogin', '', '2018-12-01 14:08:29');
INSERT INTO `sys_log` VALUES ('0ebc18696fbe4f93880ab9936ef4e241', 'super', '用户登录成功', '/login/doLogin', '', '2019-01-12 10:51:05');
INSERT INTO `sys_log` VALUES ('0ec5c3d41014418193e994fac68477a8', 'test', '用户登录成功', '/login/doLogin', '', '2019-01-21 09:55:12');
INSERT INTO `sys_log` VALUES ('0ef9d38eb9544eeb812ec436d51e84eb', 'super', '编辑用户', '/mock/httpmock/doEdit', '{\"id\":[\"40851a998ba34fa69cea6081d9a732f8\"],\"mockName\":[\"云端车牌识别1\"],\"path\":[\"/test/api\"],\"responseParameter\":[\"{\\n  \\\"overTimeYSMoney\\\" : 8.0,\\n  \\\"overTimeHGMoney\\\" : 0.0,\\n  \\\"feestime\\\" : \\\"2018-11-30 09:29:00\\\",\\n  \\\"equipmentId\\\" : \\\"15172ab3cc07425cbb2e2a7bc62c9f88\\\",\\n  \\\"parkId\\\" : \\\"b29efd2bb10242429940212fc5249758\\\",\\n  \\\"replaceDeduct\\\" : 0,\\n  \\\"payType\\\" : \\\"CASH\\\",\\n  \\\"outMode\\\" : \\\"DISCNTFREE\\\",\\n  \\\"cardTypeId\\\" : \\\"4505859ccbc34a88b6c39290413dfee8\\\",\\n  \\\"freeMoney\\\" : 0,\\n  \\\"controlFour\\\" : \\\"0000003246\\\",\\n  \\\"equipId\\\" : \\\"15172ab3cc07425cbb2e2a7bc62c9f88\\\",\\n  \\\"dkTag\\\" : 0,\\n  \\\"subsystemId\\\" : \\\"ff808081554decb10156ba30887303bd\\\",\\n  \\\"outCarPhoto\\\" : \\\"0000008702/NISSP_IMG_PARK_OUT/20180903/0054d387b88a47aeac73eba2c7fed207\\\",\\n  \\\"dataType\\\" : 1,\\n  \\\"overTimeFlag\\\" : 0,\\n  \\\"eventType\\\" : \\\"BRUSHCARD\\\",\\n  \\\"idno\\\" : \\\"0E4A2DE40524\\\",\\n  \\\"inRecordId\\\" : \\\"4554d387b88a42aeacddeba1c12ea1a2\\\",\\n  \\\"carNumber\\\" : \\\"藏-SZX220\\\",\\n  \\\"itemId\\\" : \\\"5de22da521b11aadcaafae23d1db3a31f\\\",\\n  \\\"overTimeYHMoney\\\" : 8.0,\\n  \\\"cardId\\\" : \\\"11111111111111111111111111111111\\\",\\n  \\\"controlUnitId\\\" : \\\"ff808081554decb10156afcdba22037b\\\",\\n  \\\"outTimeInt\\\" : \\\"1537692622\\\",\\n  \\\"parkCode\\\" : \\\"Test_huguobiao\\\",\\n  \\\"hgMoney\\\" : 0.0,\\n  \\\"outTime\\\" : \\\"2018-11-30 09:29:00\\\",\\n  \\\"genTrans\\\" : 0,\\n  \\\"overChargeTime\\\" : \\\"2018-11-29 16:55:00\\\",\\n  \\\"userTypeId\\\" : \\\"4505859ccbc34a88b6c39290413dfee8\\\",\\n  \\\"isReal\\\" : 0,\\n  \\\"sendFlag\\\" : 1,\\n  \\\"parkName\\\" : \\\"胡国彪测试车场\\\",\\n  \\\"ysMoney\\\" : 8.0,\\n  \\\"fileSendCount\\\" : 0,\\n  \\\"yhMoney\\\" : 8.0,\\n  \\\"parkingTime\\\" : 5647,\\n  \\\"operatorName\\\" : \\\"何印茹\\\",\\n  \\\"withHoldMoney\\\" : 0,\\n  \\\"inEquipId\\\" : \\\"587b7c20dabb43ecae2f75c5d3010704\\\",\\n  \\\"inEquipName\\\" : \\\"LG-BA双进右14\\\",\\n  \\\"controlTwo\\\" : \\\"cqfgs\\\",\\n  \\\"outOperator\\\" : \\\"何印茹\\\",\\n  \\\"outEquipCode\\\" : \\\"20\\\",\\n  \\\"overTimeSSMoney\\\" : 0.0,\\n  \\\"ssMoney\\\" : 0.0,\\n  \\\"controlThree\\\" : \\\"hrzdcq\\\",\\n  \\\"parkInId\\\" : \\\"9de13da59944499ca7bb958d4db4722f\\\",\\n  \\\"inTotal\\\" : 0,\\n  \\\"payTypeName\\\" : \\\"CASH\\\",\\n  \\\"inTime\\\" : \\\"2018-11-27 09:52:00\\\",\\n  \\\"outEquipName\\\" : \\\"BA-LG双出右16\\\",\\n  \\\"inEquipCode\\\" : \\\"2\\\",\\n  \\\"recordFlags\\\" : {\\n    \\\"plateNoFrom\\\" : 1,\\n    \\\"onlineCalcType\\\" : \\\"CFTC\\\"\\n  }\\n}\"],\"contenttype\":[\"application/json\"],\"projectId\":[\"633d7be9d4644615b769b91db47c4225\"],\"comment\":[\"dsfas ewqrewq rw\"]}', '2018-12-02 22:40:04');
INSERT INTO `sys_log` VALUES ('1179735730724af0856b5e854cb67c34', 'super', '用户登录成功', '/login/doLogin', '', '2019-01-21 11:51:17');
INSERT INTO `sys_log` VALUES ('123dc8b94e2d463ca1d483200733a495', 'super', '用户登录成功', '/login/doLogin', '', '2018-12-01 15:22:41');
INSERT INTO `sys_log` VALUES ('12924ad623594950a9efea5dc6451715', 'super', '用户登录成功', '/login/doLogin', '', '2019-01-18 17:05:26');
INSERT INTO `sys_log` VALUES ('12d8ce9698df4fcca5ec28cd3a68fdd7', 'super', '用户登录成功', '/login/doLogin', '', '2018-12-25 18:26:40');
INSERT INTO `sys_log` VALUES ('13924f120a904389a865f27d6a0d3040', 'super', '用户登录成功', '/login/doLogin', '', '2018-12-12 19:41:25');
INSERT INTO `sys_log` VALUES ('14afccfd381543538f0e09b265a4ca4f', 'test', '用户登录成功', '/login/doLogin', '', '2019-01-10 15:04:41');
INSERT INTO `sys_log` VALUES ('150edfd721284e7fa5ad983745876e98', 'super', '用户登录成功', '/login/doLogin', '', '2018-12-24 11:35:47');
INSERT INTO `sys_log` VALUES ('15b1114e90a849668a99ab0fc48cc382', 'super', '用户登录成功', '/login/doLogin', '', '2019-01-17 08:39:10');
INSERT INTO `sys_log` VALUES ('16879d2a9d8f489092db3e6cab8ee5ac', 'super', '用户登录成功', '/login/doLogin', '', '2019-01-10 13:47:58');
INSERT INTO `sys_log` VALUES ('173f902f4ef04dac89f976ea8ccbdd14', 'super', '编辑菜单', '/system/menu/doEdit', '{\"id\":[\"5311b418a154496cb13a888db50854a9\"],\"code\":[\"10\"],\"menuName\":[\"性能测试\"],\"sort\":[\"10\"],\"icon\":[\"fa-magic\"]}', '2018-12-27 16:45:03');
INSERT INTO `sys_log` VALUES ('18969f3a11db41f3a2cdf1196a586ccb', 'super', '用户登录成功', '/login/doLogin', '', '2018-12-27 18:49:11');
INSERT INTO `sys_log` VALUES ('18a2277ea1ad4b47905ed3e368821b5b', 'super', '用户登录成功', '/login/doLogin', '', '2018-12-01 12:08:27');
INSERT INTO `sys_log` VALUES ('18a6fb1086b1497480698c717b180761', 'super', '用户登录成功', '/login/doLogin', '', '2018-12-04 16:39:30');
INSERT INTO `sys_log` VALUES ('190b75424be045078e41fa817a6e8ce4', 'super', '用户登录成功', '/login/doLogin', '', '2018-12-02 21:01:09');
INSERT INTO `sys_log` VALUES ('1b26f1224ce742d1aaca578ab47ac5b4', 'super', '新增用例', '/mock/httpmock/doAdd', '{\"mockName\":[\"云端车牌识别\"],\"path\":[\"/cpr/rec\"],\"responseParameter\":[\"云端车牌识别\"],\"contenttype\":[\"application/json\"],\"projectId\":[\"633d7be9d4644615b769b91db47c4225\"],\"comment\":[\"云端车牌识别\"]}', '2018-12-01 14:53:28');
INSERT INTO `sys_log` VALUES ('1b573e6b8c50407ca87176be9aa89579', 'super', '编辑用户', '/mock/httpmock/doEdit', '{\"id\":[\"40851a998ba34fa69cea6081d9a732f8\"],\"mockName\":[\"云端车牌识别1\"],\"path\":[\"/test/api\"],\"responseParameter\":[\"{\\\"test\\\":\\\"122121212\\\"}\"],\"contenttype\":[\"application/json\"],\"projectId\":[\"633d7be9d4644615b769b91db47c4225\"],\"comment\":[\"dsfas ewqrewq rw\"]}', '2018-12-02 22:00:06');
INSERT INTO `sys_log` VALUES ('1bd8d712718f4ec093b0115ec20d025e', 'super', '编辑角色', '/system/role/doEdit', '{\"id\":[\"21f45e5543a049be9f169a3f5e6b72a8\"],\"roleName\":[\"超级管理员\"],\"roleDesc\":[\"超级管理员\"],\"roleState\":[\"1\"]}', '2018-12-01 12:52:59');
INSERT INTO `sys_log` VALUES ('1c86c9fcff29416d98c9b85af5d00091', 'test', '用户登录成功', '/login/doLogin', '', '2019-01-09 19:29:23');
INSERT INTO `sys_log` VALUES ('1ee7080c430245d58dcf7d1de4864198', 'super', '角色分配权限', '/system/role/doAuth', '{\"roleId\":[\"21f45e5543a049be9f169a3f5e6b72a8\"],\"mid[]\":[\"1\",\"2\",\"d2bc30feb5474a1bb7e02d48d39a3f8a\",\"a73802e513cc4465883530ec8074abbb\",\"4253190001c1480fb0d631d64d150535\",\"649b484b58414d91aefa5a26143e6557\",\"3\",\"1db9105008404a3485b6fac30dba3c0e\",\"60dda993d87647f5989c15f14f866df9\",\"686630c7cb624cc786dcdc9958971a6b\",\"b4e7232189b14cf3ba160cf7b0d3bf37\",\"a5ebf29168234406939856bc6890c86b\",\"f899f3d3baec4571b1c786717f9906fd\",\"4\",\"488ef1eff57b4827acade7c0744278ce\",\"3f26102ef0e04c3c9328cb97067cc5fa\",\"dc5f478d98ed4297a8ae638fe90df050\",\"0c9b5fc8b44b41d1871a8fc8300247ec\",\"5\",\"5d3dd56c16ff4e32aecae1b3228159c7\",\"6\",\"7\",\"8\",\"9\",\"3622778e78336a68210b2590163af943\",\"488ef1wwf57b4827acad47c0744278ce\",\"f899f223baec4571b1c786717f9906fd\",\"543850c7988a458494fd524d65059aac\",\"54a62cc5055b4a47873251c560625f6f\",\"e7f7ff23bec94a6ba694f8f106141c20\"]}', '2018-12-15 12:12:48');
INSERT INTO `sys_log` VALUES ('1f074b34077847549061c2b8176d618c', 'super', '用户登录成功', '/login/doLogin', '', '2018-12-02 16:45:56');
INSERT INTO `sys_log` VALUES ('20eb03cbe92f4fb8b9fd8a534c340fa6', 'test', '用户登录成功', '/login/doLogin', '', '2019-01-21 17:38:37');
INSERT INTO `sys_log` VALUES ('22aba089564c476b9511953b282c4f6a', 'super', '编辑菜单', '/system/menu/doEdit', '{\"id\":[\"5311b418a154496cb13a888db50854a9\"],\"code\":[\"10\"],\"menuName\":[\"性能测试\"],\"sort\":[\"10\"],\"icon\":[\"fa-cloud\"]}', '2018-12-27 16:44:38');
INSERT INTO `sys_log` VALUES ('22d144614a494555b38ba6bf34ff6540', 'super', '编辑菜单', '/system/menu/doEdit', '{\"id\":[\"543850c7988a458494fd524d65059aac\"],\"pid\":[\"9\"],\"code\":[\"0905\"],\"menuName\":[\"httpmock\"],\"url\":[\"/mock/httpmock/list/1\"],\"sort\":[\"5\"],\"icon\":[\"fa-coffee\"]}', '2018-12-24 11:59:10');
INSERT INTO `sys_log` VALUES ('238d5d14c28a48f98c45a035fefcef4f', 'test', '用户登录成功', '/login/doLogin', '', '2019-01-21 19:50:51');
INSERT INTO `sys_log` VALUES ('239116844db84a788f495c0d3eb55b84', 'super', '删除用例', '/u/testcase/delete', '{\"id\":[\"e27a097bdd0449338c7297db5c97eeab\"]}', '2018-12-02 16:48:42');
INSERT INTO `sys_log` VALUES ('24e6decd67e4487ab4c2ed603f47a013', 'super', '编辑菜单', '/system/menu/doEdit', '{\"id\":[\"54a62cc5055b4a47873251c560625f6f\"],\"pid\":[\"9\"],\"code\":[\"0906\"],\"menuName\":[\"KafkaProducer\"],\"url\":[\"/kafkaProducer/view\"],\"sort\":[\"6\"],\"icon\":[\"fa-chain\"]}', '2018-12-24 11:56:33');
INSERT INTO `sys_log` VALUES ('268c54062cab42a789998ba5bc8d5ff9', 'super', '用户登录成功', '/login/doLogin', '', '2019-01-21 11:24:28');
INSERT INTO `sys_log` VALUES ('272eafefb64c4af787a7d9940b934b3e', 'super', '编辑用户', '/mock/httpmock/doEdit', '{\"id\":[\"40851a998ba34fa69cea6081d9a732f8\"],\"mockName\":[\"云端车牌识别1\"],\"path\":[\"/test/api\"],\"responseParameter\":[\"test adstsaet arwe \"],\"contenttype\":[\"application/json\"],\"projectId\":[\"633d7be9d4644615b769b91db47c4225\"],\"comment\":[\"dsfas ewqrewq rw\"]}', '2018-12-02 17:09:38');
INSERT INTO `sys_log` VALUES ('273057a7d3e44309b03448d6df9208f3', 'super', '编辑用户', '/system/user/doEdit', '{\"id\":[\"c79ba431f9f74dfbae585b87b0cde933\"],\"userName\":[\"super\"],\"deptId\":[\"djcpt329b597d754c4180c6b40cdfb0f565\"],\"password\":[\"\"],\"confpwd\":[\"\"],\"userDesc\":[\"\"],\"userState\":[\"1\"],\"roleId[]\":[\"21f45e5543a049be9f169a3f5e6b72a8\"]}', '2018-12-01 13:03:07');
INSERT INTO `sys_log` VALUES ('2897dd5b63e44f1c8b10226c495bd1b7', 'super', '新增用例', '/u/testcase/doAdd', '{\"testcaseName\":[\"云端车牌识别接口\"],\"path\":[\"http://www.baidu.com\"],\"parameter\":[\"wd\\u003dtest\"],\"contenttype\":[\"application/x-www-form-urlencoded\"],\"projectId\":[\"633d7be9d4644615b769b91db47c4225\"],\"comment\":[\"测试\"]}', '2018-12-02 16:52:16');
INSERT INTO `sys_log` VALUES ('28ae39061c234faaadd95944c93022df', 'super', '编辑用户', '/mock/httpmock/doEdit', '{\"id\":[\"98c18876bcd74f069118cdbe788afd5e\"],\"mockName\":[\"云端车牌识别\"],\"path\":[\"/cpr/rec\"],\"responseParameter\":[\"云端车牌识别\"],\"contenttype\":[\"application/json\"],\"projectId\":[\"633d7be9d4644615b769b91db47c4225\"],\"comment\":[\"云端车牌识别\"]}', '2018-12-01 15:19:11');
INSERT INTO `sys_log` VALUES ('28bacdca4a3f4bdebfef3ddf95fa36df', 'super', '用户登录成功', '/login/doLogin', '', '2018-12-15 12:21:18');
INSERT INTO `sys_log` VALUES ('28fd2fa8582547358e4620b5868bc48e', 'test', '用户登录成功', '/login/doLogin', '', '2018-12-02 21:53:07');
INSERT INTO `sys_log` VALUES ('2938a84f03504afbb2aeabb1dc87f1c5', 'super', '编辑菜单', '/system/menu/doEdit', '{\"id\":[\"54a62cc5055b4a47873251c560625f6f\"],\"pid\":[\"9\"],\"code\":[\"0906\"],\"menuName\":[\"KafkaProducer\"],\"url\":[\"/kafkaProducer/view\"],\"sort\":[\"6\"],\"icon\":[\"fa-flash\"]}', '2018-12-24 11:57:56');
INSERT INTO `sys_log` VALUES ('295a7b6f33ad4c518d329510d4e08d11', 'super', '用户登录成功', '/login/doLogin', '', '2018-12-01 12:59:11');
INSERT INTO `sys_log` VALUES ('2ceb5aca191a4ff48f01ae7eb6c3447b', 'super', '用户登录成功', '/login/doLogin', '', '2018-12-01 12:53:11');
INSERT INTO `sys_log` VALUES ('2de366326a284d76ba443c9b2d72f7f4', 'super', '新增用例', '/performance/doAdd', '{\"Label\":[\"相似车辆查询1\"],\"Samples\":[\"100000\"],\"Average\":[\"160ms\"],\"Median\":[\"200ms\"],\"Line90\":[\"240ms\"],\"Line95\":[\"260ms\"],\"Line99\":[\"360ms\"],\"Min\":[\"23ms\"],\"Max\":[\"3024ms\"],\"Error\":[\"0.00\"],\"Throughput\":[\"360\"],\"Received\":[\"485 kb/s\"],\"Sent\":[\"485 kb/s\"],\"projectId\":[\"633d7be9d4644615b769b91db47c4225\"]}', '2019-01-21 11:28:53');
INSERT INTO `sys_log` VALUES ('2e273ab550b94ffb9cf55ea7ecbdbedd', 'super', '角色分配权限', '/system/role/doAuth', '{\"roleId\":[\"21f45e5543a049be9f169a3f5e6b72a8\"],\"mid[]\":[\"1\",\"2\",\"d2bc30feb5474a1bb7e02d48d39a3f8a\",\"a73802e513cc4465883530ec8074abbb\",\"4253190001c1480fb0d631d64d150535\",\"649b484b58414d91aefa5a26143e6557\",\"3\",\"1db9105008404a3485b6fac30dba3c0e\",\"60dda993d87647f5989c15f14f866df9\",\"686630c7cb624cc786dcdc9958971a6b\",\"b4e7232189b14cf3ba160cf7b0d3bf37\",\"a5ebf29168234406939856bc6890c86b\",\"f899f3d3baec4571b1c786717f9906fd\",\"4\",\"488ef1eff57b4827acade7c0744278ce\",\"3f26102ef0e04c3c9328cb97067cc5fa\",\"dc5f478d98ed4297a8ae638fe90df050\",\"0c9b5fc8b44b41d1871a8fc8300247ec\",\"5\",\"5d3dd56c16ff4e32aecae1b3228159c7\",\"6\",\"7\",\"8\",\"9\",\"3622778e78336a68210b2590163af943\",\"488ef1wwf57b4827acad47c0744278ce\",\"f899f223baec4571b1c786717f9906fd\"]}', '2018-12-01 13:02:40');
INSERT INTO `sys_log` VALUES ('2f8bd9817ed046aeab0ceb5294435774', 'super', '用户登录成功', '/login/doLogin', '', '2018-12-01 15:07:51');
INSERT INTO `sys_log` VALUES ('2f9af687a1fb49948fd1ac2abe11a57d', 'super', '编辑菜单', '/system/menu/doEdit', '{\"id\":[\"5311b418a154496cb13a888db50854a9\"],\"code\":[\"10\"],\"menuName\":[\"性能测试\"],\"sort\":[\"10\"],\"icon\":[\"fa-signal\"]}', '2018-12-27 16:39:19');
INSERT INTO `sys_log` VALUES ('309432946d8b4ba4960ecdaa75176098', 'test', '用户登录成功', '/login/doLogin', '', '2019-01-21 09:43:48');
INSERT INTO `sys_log` VALUES ('31f36e1730fc4fe091e9d39a3464d1ba', 'super', '用户登录成功', '/login/doLogin', '', '2019-01-21 08:47:17');
INSERT INTO `sys_log` VALUES ('32a77f7a847542299bd7fa42af0c0044', 'super', '用户登录成功', '/login/doLogin', '', '2018-12-27 17:40:49');
INSERT INTO `sys_log` VALUES ('332a3cbab1e34008a8b129e3f58b6342', 'super', '用户登录成功', '/login/doLogin', '', '2018-12-15 11:44:35');
INSERT INTO `sys_log` VALUES ('356cba16bd534e518f77e1a8ca561654', 'super', '编辑菜单', '/system/menu/doEdit', '{\"id\":[\"543850c7988a458494fd524d65059aac\"],\"pid\":[\"9\"],\"code\":[\"0905\"],\"menuName\":[\"httpmock\"],\"url\":[\"/mock/httpmock\"],\"sort\":[\"5\"],\"icon\":[\"fa-file\"]}', '2018-12-01 12:07:39');
INSERT INTO `sys_log` VALUES ('35cb8128c5d142d9a5a05f62135725b3', 'super', '删除菜单', '/system/menu/delete', '{\"id\":[\"d17260450ba34ae98328625f7d9132b4\"]}', '2018-12-22 13:32:04');
INSERT INTO `sys_log` VALUES ('362ea986d55e4c69b54924d3f76aa08f', 'super', '编辑菜单', '/system/menu/doEdit', '{\"id\":[\"4f8cd6a446e044d4add6c3b3f828f79b\"],\"pid\":[\"5311b418a154496cb13a888db50854a9\"],\"code\":[\"1001\"],\"menuName\":[\"性能指标基线库\"],\"url\":[\"/performance/list/1\"],\"sort\":[\"11\"],\"icon\":[\"fa-search\"]}', '2019-01-09 20:00:39');
INSERT INTO `sys_log` VALUES ('36e78361ab7c4a079203c3ccd58dfc28', 'super', '用户登录成功', '/login/doLogin', '', '2018-12-24 16:20:25');
INSERT INTO `sys_log` VALUES ('36ee89d1c9034d4fa921658278c3bbb1', 'super', '编辑菜单', '/system/menu/doEdit', '{\"id\":[\"4f8cd6a446e044d4add6c3b3f828f79b\"],\"pid\":[\"5311b418a154496cb13a888db50854a9\"],\"code\":[\"1001\"],\"menuName\":[\"性能指标基线库\"],\"url\":[\"/performance\"],\"sort\":[\"11\"],\"icon\":[\"fa-search\"]}', '2018-12-27 16:56:28');
INSERT INTO `sys_log` VALUES ('39126a1e7a964174862f332ca546581a', 'super', '用户登录成功', '/login/doLogin', '', '2018-12-29 08:50:44');
INSERT INTO `sys_log` VALUES ('3a58994485c7457992a2e1daf2fc4f6c', 'super', '创建项目', '/u/project/doAdd', '{\"projectName\":[\"test\"],\"projectHost\":[\"test\"],\"projectDesc\":[\"test\"]}', '2018-12-01 11:44:11');
INSERT INTO `sys_log` VALUES ('3b331404ecb04d8fb98d964ac5c09afd', 'super', '用户登录成功', '/login/doLogin', '', '2019-01-17 11:24:36');
INSERT INTO `sys_log` VALUES ('3d25fda376be49519b987ba7d2d7a59c', 'super', '编辑菜单', '/system/menu/doEdit', '{\"id\":[\"54a62cc5055b4a47873251c560625f6f\"],\"pid\":[\"9\"],\"code\":[\"0906\"],\"menuName\":[\"KafkaProducer\"],\"url\":[\"/kafkaProducer/view\"],\"sort\":[\"6\"],\"icon\":[\"fa-wrench\"]}', '2018-12-24 11:57:01');
INSERT INTO `sys_log` VALUES ('3f6c6f21faf4465a99a8e42daceba664', 'super', '创建菜单', '/system/menu/doAddMenu', '{\"pid\":[\"9\"],\"code\":[\"httpmock\"],\"menuName\":[\"httpmock\"],\"url\":[\"/httpmock\"],\"sort\":[\"2\"],\"icon\":[\"fa-file\"]}', '2018-12-01 11:48:22');
INSERT INTO `sys_log` VALUES ('4049a2b2e2df4445ae25adbbfa62747d', 'super', '角色分配权限', '/system/role/doAuth', '{\"roleId\":[\"21f45e5543a049be9f169a3f5e6b72a8\"],\"mid[]\":[\"1\",\"2\",\"d2bc30feb5474a1bb7e02d48d39a3f8a\",\"a73802e513cc4465883530ec8074abbb\",\"4253190001c1480fb0d631d64d150535\",\"649b484b58414d91aefa5a26143e6557\",\"3\",\"1db9105008404a3485b6fac30dba3c0e\",\"60dda993d87647f5989c15f14f866df9\",\"686630c7cb624cc786dcdc9958971a6b\",\"b4e7232189b14cf3ba160cf7b0d3bf37\",\"a5ebf29168234406939856bc6890c86b\",\"f899f3d3baec4571b1c786717f9906fd\",\"4\",\"488ef1eff57b4827acade7c0744278ce\",\"3f26102ef0e04c3c9328cb97067cc5fa\",\"dc5f478d98ed4297a8ae638fe90df050\",\"0c9b5fc8b44b41d1871a8fc8300247ec\",\"5\",\"5d3dd56c16ff4e32aecae1b3228159c7\",\"6\",\"7\",\"8\",\"9\",\"3622778e78336a68210b2590163af943\",\"488ef1wwf57b4827acad47c0744278ce\",\"f899f223baec4571b1c786717f9906fd\",\"543850c7988a458494fd524d65059aac\"]}', '2018-12-01 12:51:08');
INSERT INTO `sys_log` VALUES ('41f9733f7b9f43198d7609a341e6c1e6', 'super', '新增用例', '/mock/httpmock/doAdd', '{\"mockName\":[\"订单反查接口\"],\"path\":[\"/serach\"],\"responseCode\":[\"200\"],\"responseParameter\":[\"{\\\"result\\\":\\\"100\\\"}\"],\"contenttype\":[\"application/json\"],\"projectId\":[\"633d7be9d4644615b769b91db47c4225\"],\"comment\":[\"订单反查接口\"]}', '2018-12-25 18:33:56');
INSERT INTO `sys_log` VALUES ('427cad4ebeb0412e9834c93307ee620b', 'super', '新增用例', '/mock/httpmock/doAdd', '{\"testcaseName\":[\"反查接口\"],\"path\":[\"/test/api\"],\"parameter\":[\"httpmock\"],\"contenttype\":[\"application/json\"],\"projectId\":[\"633d7be9d4644615b769b91db47c4225\"],\"comment\":[\"httpmock\"]}', '2018-12-01 14:16:03');
INSERT INTO `sys_log` VALUES ('43ab42f186b94a998c49319ea5d21957', 'super', '用户登录成功', '/login/doLogin', '', '2018-12-12 17:00:36');
INSERT INTO `sys_log` VALUES ('44c67bc7f54f4550b75612617e469adc', 'super', '新增功能菜单', '/system/menu/doAddAction', '{\"pid\":[\"3622778e78336a68210b2590163af943\"],\"code\":[\"0908\"],\"menuName\":[\"MD5\"],\"resource\":[\"MD5加密\"],\"sort\":[\"8\"]}', '2018-12-22 13:33:58');
INSERT INTO `sys_log` VALUES ('44f6278393c64f279135565fa160b182', 'super', '用户登录成功', '/login/doLogin', '', '2019-01-07 08:50:37');
INSERT INTO `sys_log` VALUES ('44f9f1cc15984d3ab553772524e35ae7', 'super', '用户登录成功', '/login/doLogin', '', '2018-12-27 16:35:47');
INSERT INTO `sys_log` VALUES ('45471afdcb7847c9b70dc60f633d0278', 'super', '用户登录成功', '/login/doLogin', '', '2019-01-05 13:47:56');
INSERT INTO `sys_log` VALUES ('462552ee0661462992de8054bd41a6ef', 'super', '用户登录成功', '/login/doLogin', '', '2019-01-16 19:08:56');
INSERT INTO `sys_log` VALUES ('463ed09af4684c2fb6bed1770d301925', 'super', '用户登录成功', '/login/doLogin', '', '2019-01-05 13:30:30');
INSERT INTO `sys_log` VALUES ('46f4e46eafbc4267bb73e1c05a86668f', 'super', '用户登录成功', '/login/doLogin', '', '2019-01-05 13:35:07');
INSERT INTO `sys_log` VALUES ('4780989194664635bcee0eca3104e4cb', 'super', '用户登录成功', '/login/doLogin', '', '2018-12-01 13:25:56');
INSERT INTO `sys_log` VALUES ('47b0be83e4bd404f95237ca6d720fbf0', 'super', '用户登录成功', '/login/doLogin', '', '2019-01-17 08:42:17');
INSERT INTO `sys_log` VALUES ('4900575ce0f347cfab0f0b5d8b1cc329', 'super', '用户登录成功', '/login/doLogin', '', '2019-01-05 13:38:21');
INSERT INTO `sys_log` VALUES ('493281af6de74ac69e79375003f9a7ed', 'super', '用户登录成功', '/login/doLogin', '', '2018-12-05 15:14:36');
INSERT INTO `sys_log` VALUES ('495c4226f87646038231e10e2b476426', 'super', '创建目录菜单', '/system/menu/doAddDir', '{\"code\":[\"1001\"],\"menuName\":[\"性能指标基线库\"],\"sort\":[\"11\"],\"icon\":[\"fa-search\"]}', '2018-12-27 16:51:02');
INSERT INTO `sys_log` VALUES ('49e66f29a24d463da93846c85c17e263', 'super', '创建目录菜单', '/system/menu/doAddDir', '{\"code\":[\"10\"],\"menuName\":[\"性能测试\"],\"sort\":[\"10\"],\"icon\":[\"fa-folder\"]}', '2018-12-27 16:36:49');
INSERT INTO `sys_log` VALUES ('4aa60f9e963b4e4bace1710a7c60bd40', 'super', '删除用例', '/mock/httpmock/delete', '{\"id\":[\"98c18876bcd74f069118cdbe788afd5e\"]}', '2018-12-02 17:08:44');
INSERT INTO `sys_log` VALUES ('4b312966be7f4437b8157db99af7207c', 'super', '用户登录成功', '/login/doLogin', '', '2019-01-10 08:24:30');
INSERT INTO `sys_log` VALUES ('4baf28d3278d4140afc5880207b48ba5', 'super', '角色分配权限', '/system/role/doAuth', '{\"roleId\":[\"21f45e5543a049be9f169a3f5e6b72a8\"],\"mid[]\":[\"1\",\"2\",\"d2bc30feb5474a1bb7e02d48d39a3f8a\",\"a73802e513cc4465883530ec8074abbb\",\"4253190001c1480fb0d631d64d150535\",\"649b484b58414d91aefa5a26143e6557\",\"3\",\"1db9105008404a3485b6fac30dba3c0e\",\"60dda993d87647f5989c15f14f866df9\",\"686630c7cb624cc786dcdc9958971a6b\",\"b4e7232189b14cf3ba160cf7b0d3bf37\",\"a5ebf29168234406939856bc6890c86b\",\"f899f3d3baec4571b1c786717f9906fd\",\"4\",\"488ef1eff57b4827acade7c0744278ce\",\"3f26102ef0e04c3c9328cb97067cc5fa\",\"dc5f478d98ed4297a8ae638fe90df050\",\"0c9b5fc8b44b41d1871a8fc8300247ec\",\"5\",\"5d3dd56c16ff4e32aecae1b3228159c7\",\"6\",\"7\",\"8\",\"9\",\"3622778e78336a68210b2590163af943\",\"488ef1wwf57b4827acad47c0744278ce\",\"f899f223baec4571b1c786717f9906fd\",\"543850c7988a458494fd524d65059aac\"]}', '2018-12-01 13:03:20');
INSERT INTO `sys_log` VALUES ('4bdd0942042f4a4f83bba6066462ca00', 'super', '创建菜单', '/system/menu/doAddMenu', '{\"pid\":[\"9\"],\"code\":[\"0907\"],\"menuName\":[\"JSON格式化\"],\"url\":[\"--\"],\"sort\":[\"7\"],\"icon\":[\"fa-file\"]}', '2018-12-15 12:11:41');
INSERT INTO `sys_log` VALUES ('4c422b298776456f9071afb5c7c34009', 'super', '用户登录成功', '/login/doLogin', '', '2018-12-01 11:43:05');
INSERT INTO `sys_log` VALUES ('4c7674e4062f44a99fd927f57aea5f44', 'super', '删除菜单', '/system/menu/delete', '{\"id\":[\"f43383db93a14a8d9d740a398f3f0343\"]}', '2018-12-01 11:47:56');
INSERT INTO `sys_log` VALUES ('4d656028b8264b978ef53ec498cafb76', 'super', '用户登录成功', '/login/doLogin', '', '2018-12-05 15:42:31');
INSERT INTO `sys_log` VALUES ('4de9324997fd48908bcd2f40fe619c32', 'test', '用户登录成功', '/login/doLogin', '', '2019-01-21 14:03:27');
INSERT INTO `sys_log` VALUES ('4ef2f29cf09c48a2bc211a2ad27e276f', 'super', '新增用例', '/u/testcase/doAdd', '{\"testcaseName\":[\"test\"],\"path\":[\"test\"],\"parameter\":[\"tEST\"],\"contenttype\":[\"application/json\"],\"projectId\":[\"633d7be9d4644615b769b91db47c4225\"],\"comment\":[\"\"]}', '2018-12-01 15:02:31');
INSERT INTO `sys_log` VALUES ('4efd6ac77e974255a8451d8005d3797c', 'super', '编辑用户', '/mock/httpmock/doEdit', '{\"id\":[\"442de36494564d9db7289b7e39d83e74\"],\"mockName\":[\"订单反查接口\"],\"path\":[\"/mockTest/serach\"],\"responseCode\":[\"200\"],\"responseParameter\":[\"{\\\"result\\\":\\\"100\\\"}\"],\"contenttype\":[\"application/json\"],\"projectId\":[\"633d7be9d4644615b769b91db47c4225\"],\"comment\":[\"订单反查接口\"]}', '2018-12-25 18:34:20');
INSERT INTO `sys_log` VALUES ('4f57ca97f7334c0ca78076404e936c48', 'super', '创建目录菜单', '/system/menu/doAddDir', '{\"code\":[\"1001\"],\"menuName\":[\"性能指标基线库\"],\"sort\":[\"11\"],\"icon\":[\"fa-search\"]}', '2018-12-27 16:52:09');
INSERT INTO `sys_log` VALUES ('4fc2a3d4714d4abfb9b2384faa96c755', 'super', '用户登录成功', '/login/doLogin', '', '2019-01-10 08:41:19');
INSERT INTO `sys_log` VALUES ('5045a59dfe194edcaefe27a35717bb80', 'super', '新增用例', '/mock/httpmock/doAdd', '{\"mockName\":[\"动态二维码下发\"],\"path\":[\"/mockTest/dynamicCode\"],\"responseCode\":[\"200\"],\"responseParameter\":[\"动态二维码下发功能测试\"],\"contenttype\":[\"application/json\"],\"projectId\":[\"79f0ed694c5a463090a49a8569887ac0\"],\"comment\":[\"动态二维码下发功能测试\"]}', '2019-01-17 13:55:55');
INSERT INTO `sys_log` VALUES ('504ca749152f4fb8a5e30db4a5a48b36', 'super', '编辑用户', '/u/testcase/doEdit', '{\"id\":[\"04f81390693b49acabe1f58d77dd20ee\"],\"testcaseName\":[\"云端车牌识别接口\"],\"path\":[\"http://www.baidu.com\"],\"parameter\":[\"wd\\u003dtest\"],\"contenttype\":[\"application/json\"],\"projectId\":[\"633d7be9d4644615b769b91db47c4225\"],\"comment\":[\"测试\"]}', '2018-12-02 16:53:26');
INSERT INTO `sys_log` VALUES ('5094679d708c48a8b77411c2ad0b605c', 'super', '编辑菜单', '/system/menu/doEdit', '{\"id\":[\"53189e2231a4466bad00f9f2a77b957d\"],\"code\":[\"0906\"],\"menuName\":[\"KafkaProducer\"],\"sort\":[\"6\"],\"icon\":[\"fa fa-graduation-cap\"]}', '2018-12-02 21:56:25');
INSERT INTO `sys_log` VALUES ('50b0c925c87641dca4d202a7e024c236', 'super', '用户登录成功', '/login/doLogin', '', '2019-01-25 14:28:53');
INSERT INTO `sys_log` VALUES ('51030fe2f14b4bd68d107697c57f4566', 'super', '新增用例', '/performance/doAdd', '{\"Label\":[\"车牌生成订单\"],\"Samples\":[\"100000\"],\"Average\":[\"160ms\"],\"Median\":[\"200ms\"],\"Line90\":[\"240ms\"],\"Line95\":[\"260ms\"],\"Line99\":[\"360ms\"],\"Min\":[\"23ms\"],\"Max\":[\"3024ms\"],\"Error\":[\"0.00\"],\"Throughput\":[\"360\"],\"Received\":[\"485 kb/s\"],\"Sent\":[\"485 kb/s\"],\"projectId\":[\"660a5d3cf93043d2a9698525b70485bb\"]}', '2019-01-21 11:19:43');
INSERT INTO `sys_log` VALUES ('51d9e9b33e094bf6b3ebb02f971c319f', 'super', '用户登录成功', '/login/doLogin', '', '2018-12-29 15:17:40');
INSERT INTO `sys_log` VALUES ('52c98d518ac8423f8b393d76ac8baa13', 'test', '用户登录成功', '/login/doLogin', '', '2019-01-11 17:49:26');
INSERT INTO `sys_log` VALUES ('54d73ecb1e3842b1b8bbabac9d400813', 'super', '用户登录成功', '/login/doLogin', '', '2018-12-01 13:02:25');
INSERT INTO `sys_log` VALUES ('55134a7866724691b141042c2803f9cd', 'super', '用户登录成功', '/login/doLogin', '', '2018-12-27 17:37:41');
INSERT INTO `sys_log` VALUES ('55dcce54b2a04e94ac6f83d5f5450db8', 'test', '用户登录成功', '/login/doLogin', '', '2019-01-21 09:59:48');
INSERT INTO `sys_log` VALUES ('568a7b082f5848e5a6c0665cecda39e1', 'super', '用户登录成功', '/login/doLogin', '', '2019-01-05 13:50:14');
INSERT INTO `sys_log` VALUES ('5725ff9df95746aeab7077368e643550', 'super', '用户登录成功', '/login/doLogin', '', '2018-12-24 15:51:13');
INSERT INTO `sys_log` VALUES ('572b2f3db7b0421bbddf71713179ee3d', 'super', '删除用例', '/mock/httpmock/delete', '{\"id\":[\"98c18876bcd74f069118cdbe788afd5e\"]}', '2018-12-02 17:00:02');
INSERT INTO `sys_log` VALUES ('57f11d49650842b39152a8f207fbaf61', 'super', '用户登录成功', '/login/doLogin', '', '2019-01-12 10:37:36');
INSERT INTO `sys_log` VALUES ('57fbf8fac08e4add8effe28b016de5f0', 'super', '用户登录成功', '/login/doLogin', '', '2018-12-01 15:10:13');
INSERT INTO `sys_log` VALUES ('593aa031b08e4bbeafc5bf24b347b24e', 'super', '用户登录成功', '/login/doLogin', '', '2019-01-09 19:24:52');
INSERT INTO `sys_log` VALUES ('598e110656e64fb6afac6652edbb5c84', 'test', '用户登录成功', '/login/doLogin', '', '2019-01-21 09:41:30');
INSERT INTO `sys_log` VALUES ('59eb98d91d8e4cbdad1c0352c0370f54', 'super', '用户登录成功', '/login/doLogin', '', '2019-01-05 13:08:29');
INSERT INTO `sys_log` VALUES ('5a38f0143e4a4243a121818b6c90e034', 'super', '编辑用户', '/mock/httpmock/doEdit', '{\"id\":[\"40851a998ba34fa69cea6081d9a732f8\"],\"mockName\":[\"云端车牌识别1\"],\"path\":[\"/mockTest/api\"],\"responseCode\":[\"200\"],\"responseParameter\":[\"{\\n  \\\"overTimeYSMoney\\\" : 1.0,\\n  \\\"overTimeHGMoney\\\" : 0.0,\\n  \\\"feestime\\\" : \\\"2018-11-30 09:29:00\\\",\\n  \\\"equipmentId\\\" : \\\"15172ab3cc07425cbb2e2a7bc62c9f88\\\",\\n  \\\"parkId\\\" : \\\"b29efd2bb10242429940212fc5249758\\\",\\n  \\\"replaceDeduct\\\" : 0,\\n  \\\"payType\\\" : \\\"CASH\\\",\\n  \\\"outMode\\\" : \\\"DISCNTFREE\\\",\\n  \\\"cardTypeId\\\" : \\\"4505859ccbc34a88b6c39290413dfee8\\\",\\n  \\\"freeMoney\\\" : 0,\\n  \\\"controlFour\\\" : \\\"0000003246\\\",\\n  \\\"equipId\\\" : \\\"15172ab3cc07425cbb2e2a7bc62c9f88\\\",\\n  \\\"dkTag\\\" : 0,\\n  \\\"subsystemId\\\" : \\\"ff808081554decb10156ba30887303bd\\\",\\n  \\\"outCarPhoto\\\" : \\\"0000008702/NISSP_IMG_PARK_OUT/20180903/0054d387b88a47aeac73eba2c7fed207\\\",\\n  \\\"dataType\\\" : 1,\\n  \\\"overTimeFlag\\\" : 0,\\n  \\\"eventType\\\" : \\\"BRUSHCARD\\\",\\n  \\\"idno\\\" : \\\"0E4A2DE40524\\\",\\n  \\\"inRecordId\\\" : \\\"4554d387b88a42aeacddeba1c12ea1a2\\\",\\n  \\\"carNumber\\\" : \\\"藏-SZX220\\\",\\n  \\\"itemId\\\" : \\\"5de22da521b11aadcaafae23d1db3a31f\\\",\\n  \\\"overTimeYHMoney\\\" : 8.0,\\n  \\\"cardId\\\" : \\\"11111111111111111111111111111111\\\",\\n  \\\"controlUnitId\\\" : \\\"ff808081554decb10156afcdba22037b\\\",\\n  \\\"outTimeInt\\\" : \\\"1537692622\\\",\\n  \\\"parkCode\\\" : \\\"Test_huguobiao\\\",\\n  \\\"hgMoney\\\" : 0.0,\\n  \\\"outTime\\\" : \\\"2018-11-30 09:29:00\\\",\\n  \\\"genTrans\\\" : 0,\\n  \\\"overChargeTime\\\" : \\\"2018-11-29 16:55:00\\\",\\n  \\\"userTypeId\\\" : \\\"4505859ccbc34a88b6c39290413dfee8\\\",\\n  \\\"isReal\\\" : 0,\\n  \\\"sendFlag\\\" : 1,\\n  \\\"parkName\\\" : \\\"胡国彪测试车场\\\",\\n  \\\"ysMoney\\\" : 8.0,\\n  \\\"fileSendCount\\\" : 0,\\n  \\\"yhMoney\\\" : 8.0,\\n  \\\"parkingTime\\\" : 5647,\\n  \\\"operatorName\\\" : \\\"何印茹\\\",\\n  \\\"withHoldMoney\\\" : 0,\\n  \\\"inEquipId\\\" : \\\"587b7c20dabb43ecae2f75c5d3010704\\\",\\n  \\\"inEquipName\\\" : \\\"LG-BA双进右14\\\",\\n  \\\"controlTwo\\\" : \\\"cqfgs\\\",\\n  \\\"outOperator\\\" : \\\"何印茹\\\",\\n  \\\"outEquipCode\\\" : \\\"20\\\",\\n  \\\"overTimeSSMoney\\\" : 0.0,\\n  \\\"ssMoney\\\" : 0.0,\\n  \\\"controlThree\\\" : \\\"hrzdcq\\\",\\n  \\\"parkInId\\\" : \\\"9de13da59944499ca7bb958d4db4722f\\\",\\n  \\\"inTotal\\\" : 0,\\n  \\\"payTypeName\\\" : \\\"CASH\\\",\\n  \\\"inTime\\\" : \\\"2018-11-27 09:52:00\\\",\\n  \\\"outEquipName\\\" : \\\"BA-LG双出右16\\\",\\n  \\\"inEquipCode\\\" : \\\"2\\\",\\n  \\\"recordFlags\\\" : {\\n    \\\"plateNoFrom\\\" : 1,\\n    \\\"onlineCalcType\\\" : \\\"CFTC\\\"\\n  }\\n}\"],\"contenttype\":[\"application/json\"],\"projectId\":[\"633d7be9d4644615b769b91db47c4225\"],\"comment\":[\"dsfas ewqrewq rw\"]}', '2018-12-24 10:57:09');
INSERT INTO `sys_log` VALUES ('5d9a11bac4b34443908541f73acdce3d', 'test', '用户登录成功', '/login/doLogin', '', '2019-01-21 09:37:04');
INSERT INTO `sys_log` VALUES ('5d9a87630f734cdb9f61d9c23b28ffe2', 'super', '用户登录成功', '/login/doLogin', '', '2019-01-17 08:56:43');
INSERT INTO `sys_log` VALUES ('5dac720490c243f48ee86d9cf000412f', 'super', '用户登录成功', '/login/doLogin', '', '2018-12-04 17:34:18');
INSERT INTO `sys_log` VALUES ('5e3b195295994fdb9270e1d77a8eeef1', 'super', '角色分配权限', '/system/role/doAuth', '{\"roleId\":[\"6a2994e4788a44f0973b5ca6ac4b6d73\"],\"mid[]\":[\"9\",\"543850c7988a458494fd524d65059aac\",\"54a62cc5055b4a47873251c560625f6f\",\"e7f7ff23bec94a6ba694f8f106141c20\",\"24cf77e4ab36409786d02c6c0bc10429\",\"7e248c88ab2c490a99987312796e1285\"]}', '2019-01-10 15:04:35');
INSERT INTO `sys_log` VALUES ('5f85c76231d34318b52630fa5162bd5b', 'super', '创建菜单', '/system/menu/doAddMenu', '{\"pid\":[\"9\"],\"code\":[\"0906\"],\"menuName\":[\"KafkaProducer\"],\"url\":[\"/kafkaProducer\"],\"sort\":[\"6\"],\"icon\":[\"fa fa-graduation-cap\"]}', '2018-12-02 21:57:45');
INSERT INTO `sys_log` VALUES ('5f9db3f616864829a113621d856c7ebb', 'super', '创建目录菜单', '/system/menu/doAddDir', '{\"code\":[\"0906\"],\"menuName\":[\"KafkaProducer\"],\"sort\":[\"6\"],\"icon\":[\"fa-folder\"]}', '2018-12-02 21:55:43');
INSERT INTO `sys_log` VALUES ('658c69a775d7487dbd30971257a74804', 'super', '用户登录成功', '/login/doLogin', '', '2018-12-27 19:00:45');
INSERT INTO `sys_log` VALUES ('671325759ded419b84632babad135afc', 'super', '新增用例', '/performance/doAdd', '{\"Label\":[\"相似车辆查询\"],\"Samples\":[\"100000\"],\"Average\":[\"160ms\"],\"Median\":[\"200ms\"],\"Line90\":[\"240ms\"],\"Line95\":[\"260ms\"],\"Line99\":[\"360ms\"],\"Min\":[\"23ms\"],\"Max\":[\"3024ms\"],\"Error\":[\"0.00\"],\"Throughput\":[\"360\"],\"Received\":[\"485 kb/s\"],\"Sent\":[\"485 kb/s\"],\"projectId\":[\"633d7be9d4644615b769b91db47c4225\"]}', '2019-01-21 11:11:42');
INSERT INTO `sys_log` VALUES ('678145aa96bb429da51fd94522a08c78', 'super', '编辑菜单', '/system/menu/doEdit', '{\"id\":[\"e7f7ff23bec94a6ba694f8f106141c20\"],\"pid\":[\"9\"],\"code\":[\"0907\"],\"menuName\":[\"JSON格式化\"],\"url\":[\"/json\"],\"sort\":[\"7\"],\"icon\":[\"fa-users\"]}', '2018-12-24 11:51:52');
INSERT INTO `sys_log` VALUES ('67c511f000854c83af3f825e95690e7a', 'super', '删除菜单', '/system/menu/delete', '{\"id\":[\"590794657ae64b42904cb462fda9cad4\"]}', '2018-12-27 16:54:32');
INSERT INTO `sys_log` VALUES ('67d2e2b4766947fb8fea3aea41be75bc', 'super', '角色分配权限', '/system/role/doAuth', '{\"roleId\":[\"21f45e5543a049be9f169a3f5e6b72a8\"],\"mid[]\":[\"1\",\"2\",\"d2bc30feb5474a1bb7e02d48d39a3f8a\",\"a73802e513cc4465883530ec8074abbb\",\"4253190001c1480fb0d631d64d150535\",\"649b484b58414d91aefa5a26143e6557\",\"3\",\"1db9105008404a3485b6fac30dba3c0e\",\"60dda993d87647f5989c15f14f866df9\",\"686630c7cb624cc786dcdc9958971a6b\",\"b4e7232189b14cf3ba160cf7b0d3bf37\",\"a5ebf29168234406939856bc6890c86b\",\"f899f3d3baec4571b1c786717f9906fd\",\"4\",\"488ef1eff57b4827acade7c0744278ce\",\"3f26102ef0e04c3c9328cb97067cc5fa\",\"dc5f478d98ed4297a8ae638fe90df050\",\"0c9b5fc8b44b41d1871a8fc8300247ec\",\"5\",\"5d3dd56c16ff4e32aecae1b3228159c7\",\"6\",\"7\",\"8\",\"9\",\"3622778e78336a68210b2590163af943\",\"488ef1wwf57b4827acad47c0744278ce\",\"f899f223baec4571b1c786717f9906fd\",\"543850c7988a458494fd524d65059aac\",\"54a62cc5055b4a47873251c560625f6f\",\"e7f7ff23bec94a6ba694f8f106141c20\",\"24cf77e4ab36409786d02c6c0bc10429\",\"7e248c88ab2c490a99987312796e1285\",\"5311b418a154496cb13a888db50854a9\",\"4f8cd6a446e044d4add6c3b3f828f79b\"]}', '2019-01-05 13:35:46');
INSERT INTO `sys_log` VALUES ('6867abb53ff045c1b066441a0633504d', 'super', '新增功能菜单', '/system/menu/doAddAction', '{\"pid\":[\"3622778e78336a68210b2590163af943\"],\"code\":[\"0908\"],\"menuName\":[\"MD5\"],\"resource\":[\"MD5\"],\"sort\":[\"8\"]}', '2018-12-22 13:33:11');
INSERT INTO `sys_log` VALUES ('69e425b149034c79b4d81b767126319d', 'super', '用户登录成功', '/login/doLogin', '', '2018-12-29 08:47:33');
INSERT INTO `sys_log` VALUES ('6a29aa502fd047b99bf65b915bdae7ef', 'super', '编辑菜单', '/system/menu/doEdit', '{\"id\":[\"543850c7988a458494fd524d65059aac\"],\"pid\":[\"9\"],\"code\":[\"0905\"],\"menuName\":[\"httpmock\"],\"url\":[\"/mock/httpmock/list\"],\"sort\":[\"5\"],\"icon\":[\"fa-file\"]}', '2018-12-01 12:09:13');
INSERT INTO `sys_log` VALUES ('6a47896433784f21b58e521e37a775e9', 'super', '用户登录成功', '/login/doLogin', '', '2018-12-17 08:58:20');
INSERT INTO `sys_log` VALUES ('6c845c3574b245efaaa28e770c305c80', 'super', '编辑菜单', '/system/menu/doEdit', '{\"id\":[\"e7f7ff23bec94a6ba694f8f106141c20\"],\"pid\":[\"9\"],\"code\":[\"0907\"],\"menuName\":[\"JSON格式化\"],\"url\":[\"--\"],\"sort\":[\"7\"],\"icon\":[\"fa-file\"]}', '2018-12-15 12:12:17');
INSERT INTO `sys_log` VALUES ('6c87cf54a7d34485af57dec79212eead', 'super', '创建项目', '/u/project/doAdd', '{\"projectName\":[\"集成服务\"],\"projectHost\":[\"jsifs\"],\"projectDesc\":[\"\"]}', '2019-01-05 12:55:53');
INSERT INTO `sys_log` VALUES ('6d9303c51db44215a1758910ce65b8e0', 'super', '角色分配权限', '/system/role/doAuth', '{\"roleId\":[\"21f45e5543a049be9f169a3f5e6b72a8\"],\"mid[]\":[\"1\",\"2\",\"d2bc30feb5474a1bb7e02d48d39a3f8a\",\"a73802e513cc4465883530ec8074abbb\",\"4253190001c1480fb0d631d64d150535\",\"649b484b58414d91aefa5a26143e6557\",\"3\",\"1db9105008404a3485b6fac30dba3c0e\",\"60dda993d87647f5989c15f14f866df9\",\"686630c7cb624cc786dcdc9958971a6b\",\"b4e7232189b14cf3ba160cf7b0d3bf37\",\"a5ebf29168234406939856bc6890c86b\",\"f899f3d3baec4571b1c786717f9906fd\",\"4\",\"488ef1eff57b4827acade7c0744278ce\",\"3f26102ef0e04c3c9328cb97067cc5fa\",\"dc5f478d98ed4297a8ae638fe90df050\",\"0c9b5fc8b44b41d1871a8fc8300247ec\",\"5\",\"5d3dd56c16ff4e32aecae1b3228159c7\",\"6\",\"7\",\"8\",\"9\",\"3622778e78336a68210b2590163af943\",\"488ef1wwf57b4827acad47c0744278ce\",\"f899f223baec4571b1c786717f9906fd\",\"543850c7988a458494fd524d65059aac\",\"54a62cc5055b4a47873251c560625f6f\",\"e7f7ff23bec94a6ba694f8f106141c20\",\"24cf77e4ab36409786d02c6c0bc10429\",\"5311b418a154496cb13a888db50854a9\",\"4f8cd6a446e044d4add6c3b3f828f79b\"]}', '2018-12-27 16:56:09');
INSERT INTO `sys_log` VALUES ('6e4ab59e9bfb4043959f80793af4cd40', 'super', '编辑菜单', '/system/menu/doEdit', '{\"id\":[\"54a62cc5055b4a47873251c560625f6f\"],\"pid\":[\"9\"],\"code\":[\"0906\"],\"menuName\":[\"KafkaProducer\"],\"url\":[\"/kafkaProducer/view\"],\"sort\":[\"6\"],\"icon\":[\"fa-cloud\"]}', '2018-12-24 11:56:24');
INSERT INTO `sys_log` VALUES ('6f3cbedb598048b3a76fb78da247ccd7', 'super', '用户登录成功', '/login/doLogin', '', '2018-12-01 14:52:58');
INSERT INTO `sys_log` VALUES ('6f46d5ec54754ae19970d087ea54e43c', 'super', '用户登录成功', '/login/doLogin', '', '2019-01-21 13:50:50');
INSERT INTO `sys_log` VALUES ('70d46f5352554d90b055a8f2d3f396b3', 'test', '用户登录成功', '/login/doLogin', '', '2019-01-25 15:28:06');
INSERT INTO `sys_log` VALUES ('7154b65e9771434a98646dd408c40400', 'super', '编辑菜单', '/system/menu/doEdit', '{\"id\":[\"e7f7ff23bec94a6ba694f8f106141c20\"],\"pid\":[\"9\"],\"code\":[\"0907\"],\"menuName\":[\"JSON格式化\"],\"url\":[\"/json\"],\"sort\":[\"7\"],\"icon\":[\"fa-underline\"]}', '2018-12-24 11:55:26');
INSERT INTO `sys_log` VALUES ('716f01c013184242a0302ebc3043efc1', 'super', '用户登录成功', '/login/doLogin', '', '2018-12-22 11:30:37');
INSERT INTO `sys_log` VALUES ('71cf5ca3e65e49168a3d96085a084509', 'super', '用户登录成功', '/login/doLogin', '', '2018-12-11 20:18:33');
INSERT INTO `sys_log` VALUES ('720a4f8690cc42ccb02a4363ed97e3dc', 'super', '编辑菜单', '/system/menu/doEdit', '{\"id\":[\"24cf77e4ab36409786d02c6c0bc10429\"],\"pid\":[\"9\"],\"code\":[\"0908\"],\"menuName\":[\"MD5\"],\"url\":[\"/md5\"],\"sort\":[\"8\"],\"icon\":[\"fa-users\"]}', '2018-12-24 11:51:47');
INSERT INTO `sys_log` VALUES ('746d336a9a194b44baa430b113b83cd8', 'test', '编辑用户', '/mock/httpmock/doEdit', '{\"id\":[\"292303be4d634ccabf383ba1c139f7e1\"],\"mockName\":[\"动态二维码下发\"],\"path\":[\"/mockTest/dynamicCode\"],\"responseCode\":[\"200\"],\"responseParameter\":[\"动态二维码下发功能测试\"],\"contenttype\":[\"application/json\"],\"projectId\":[\"79f0ed694c5a463090a49a8569887ac0\"],\"comment\":[\"动态二维码下发功能测试\"]}', '2019-01-21 13:48:40');
INSERT INTO `sys_log` VALUES ('75122535ad694744a53d15520f032f24', 'super', '用户登录成功', '/login/doLogin', '', '2018-12-01 14:47:49');
INSERT INTO `sys_log` VALUES ('7560a4d2ea4942bebee854966d68b163', 'super', '角色分配权限', '/system/role/doAuth', '{\"roleId\":[\"6a2994e4788a44f0973b5ca6ac4b6d73\"],\"mid[]\":[\"9\",\"3622778e78336a68210b2590163af943\",\"543850c7988a458494fd524d65059aac\",\"54a62cc5055b4a47873251c560625f6f\",\"e7f7ff23bec94a6ba694f8f106141c20\",\"24cf77e4ab36409786d02c6c0bc10429\",\"7e248c88ab2c490a99987312796e1285\",\"5311b418a154496cb13a888db50854a9\",\"4f8cd6a446e044d4add6c3b3f828f79b\"]}', '2019-01-21 14:03:21');
INSERT INTO `sys_log` VALUES ('75973b87214a4249a0b85cd7a1c55094', 'super', '用户登录成功', '/login/doLogin', '', '2019-01-10 15:03:55');
INSERT INTO `sys_log` VALUES ('76e9c754947749099059f8e55be61915', 'super', '用户登录成功', '/login/doLogin', '', '2018-12-01 13:06:37');
INSERT INTO `sys_log` VALUES ('774ae900af444c8889b470ddb965383e', 'super', '用户登录成功', '/login/doLogin', '', '2018-12-27 11:19:50');
INSERT INTO `sys_log` VALUES ('78ad3ab7baac49619da9e18b9f184a74', 'test', '编辑用户', '/mock/httpmock/doEdit', '{\"id\":[\"292303be4d634ccabf383ba1c139f7e1\"],\"mockName\":[\"动态二维码下发\"],\"path\":[\"/mockTest/dynamicCode\"],\"responseCode\":[\"404\"],\"responseParameter\":[\"动态二维码下发功能测试\"],\"contenttype\":[\"application/json\"],\"projectId\":[\"79f0ed694c5a463090a49a8569887ac0\"],\"comment\":[\"动态二维码下发功能测试\"]}', '2019-01-21 13:49:43');
INSERT INTO `sys_log` VALUES ('792746f297bc4a33ad6d3969f65f1b0c', 'super', '角色分配权限', '/system/role/doAuth', '{\"roleId\":[\"21f45e5543a049be9f169a3f5e6b72a8\"],\"mid[]\":[\"1\",\"2\",\"d2bc30feb5474a1bb7e02d48d39a3f8a\",\"a73802e513cc4465883530ec8074abbb\",\"4253190001c1480fb0d631d64d150535\",\"649b484b58414d91aefa5a26143e6557\",\"3\",\"1db9105008404a3485b6fac30dba3c0e\",\"60dda993d87647f5989c15f14f866df9\",\"686630c7cb624cc786dcdc9958971a6b\",\"b4e7232189b14cf3ba160cf7b0d3bf37\",\"a5ebf29168234406939856bc6890c86b\",\"f899f3d3baec4571b1c786717f9906fd\",\"4\",\"488ef1eff57b4827acade7c0744278ce\",\"3f26102ef0e04c3c9328cb97067cc5fa\",\"dc5f478d98ed4297a8ae638fe90df050\",\"0c9b5fc8b44b41d1871a8fc8300247ec\",\"5\",\"5d3dd56c16ff4e32aecae1b3228159c7\",\"6\",\"7\",\"8\",\"9\",\"3622778e78336a68210b2590163af943\",\"488ef1wwf57b4827acad47c0744278ce\",\"f899f223baec4571b1c786717f9906fd\",\"543850c7988a458494fd524d65059aac\"]}', '2018-12-01 12:53:05');
INSERT INTO `sys_log` VALUES ('7b839e0cb98c4e49acd2eb1f9c0525f3', 'test', '编辑用户', '/mock/httpmock/doEdit', '{\"id\":[\"bc6fd4fc8b7348ea82b1cf0d3aa30280\"],\"mockName\":[\"入场记录推送\"],\"path\":[\"/mockTest/park/parkIn\"],\"responseCode\":[\"200\"],\"responseParameter\":[\"{\\\"resultCode\\\":0,\\n \\\"msg\\\":\\\"处理成功\\\"\\n}\"],\"contenttype\":[\"application/json\"],\"projectId\":[\"6ecad16d1bc5420fb435b92e815663ed\"],\"comment\":[\"数据中心入场推送\"]}', '2019-01-25 15:30:09');
INSERT INTO `sys_log` VALUES ('7badb5bbccf448c5a0df3e57a3479f8d', 'super', '用户登录成功', '/login/doLogin', '', '2019-01-21 10:48:26');
INSERT INTO `sys_log` VALUES ('7bdc7ce92b3e4070b5adab2aec419579', 'super', '新增用例', '/performance/doAdd', '{\"Label\":[\"扫码生成订单\"],\"Samples\":[\"100000\"],\"Average\":[\"160ms\"],\"Median\":[\"200ms\"],\"Line90\":[\"240ms\"],\"Line95\":[\"260ms\"],\"Line99\":[\"360ms\"],\"Min\":[\"23ms\"],\"Max\":[\"3024ms\"],\"Error\":[\"0.00\"],\"Throughput\":[\"360\"],\"Received\":[\"485 kb/s\"],\"Sent\":[\"485 kb/s\"],\"projectId\":[\"633d7be9d4644615b769b91db47c4225\"]}', '2019-01-21 11:31:41');
INSERT INTO `sys_log` VALUES ('7cd041db6b78432ea0b162e8dda99b21', 'admin', '用户登录成功', '/login/doLogin', '', '2018-12-01 12:55:32');
INSERT INTO `sys_log` VALUES ('7cd61615d7944d409e4100e564ed9dbf', 'super', '删除菜单', '/system/menu/delete', '{\"id\":[\"20c236c7fb3345b0955e565afdbe5a29\"]}', '2018-12-22 13:35:19');
INSERT INTO `sys_log` VALUES ('7d70b9a079af4826a3a3dccc56514193', 'super', '用户登录成功', '/login/doLogin', '', '2018-12-02 21:47:47');
INSERT INTO `sys_log` VALUES ('7dec9af502a449528d9511f61bf882b4', 'test', '编辑用户', '/mock/httpmock/doEdit', '{\"id\":[\"40851a998ba34fa69cea6081d9a732f8\"],\"mockName\":[\"云端车牌识别1\"],\"path\":[\"/mockTest/api\"],\"responseCode\":[\"500\"],\"responseParameter\":[\"{\\n  \\\"overTimeYSMoney\\\" : 1.0,\\n  \\\"overTimeHGMoney\\\" : 2.0,\\n  \\\"feestime\\\" : \\\"2018-11-30 09:29:00\\\",\\n  \\\"equipmentId\\\" : \\\"15172ab3cc07425cbb2e2a7bc62c9f88\\\",\\n  \\\"parkId\\\" : \\\"b29efd2bb10242429940212fc5249758\\\",\\n  \\\"replaceDeduct\\\" : 0,\\n  \\\"payType\\\" : \\\"CASH\\\",\\n  \\\"outMode\\\" : \\\"DISCNTFREE\\\",\\n  \\\"cardTypeId\\\" : \\\"4505859ccbc34a88b6c39290413dfee8\\\",\\n  \\\"freeMoney\\\" : 0,\\n  \\\"controlFour\\\" : \\\"0000003246\\\",\\n  \\\"equipId\\\" : \\\"15172ab3cc07425cbb2e2a7bc62c9f88\\\",\\n  \\\"dkTag\\\" : 0,\\n  \\\"subsystemId\\\" : \\\"ff808081554decb10156ba30887303bd\\\",\\n  \\\"outCarPhoto\\\" : \\\"0000008702/NISSP_IMG_PARK_OUT/20180903/0054d387b88a47aeac73eba2c7fed207\\\",\\n  \\\"dataType\\\" : 1,\\n  \\\"overTimeFlag\\\" : 0,\\n  \\\"eventType\\\" : \\\"BRUSHCARD\\\",\\n  \\\"idno\\\" : \\\"0E4A2DE40524\\\",\\n  \\\"inRecordId\\\" : \\\"4554d387b88a42aeacddeba1c12ea1a2\\\",\\n  \\\"carNumber\\\" : \\\"藏-SZX220\\\",\\n  \\\"itemId\\\" : \\\"5de22da521b11aadcaafae23d1db3a31f\\\",\\n  \\\"overTimeYHMoney\\\" : 8.0,\\n  \\\"cardId\\\" : \\\"11111111111111111111111111111111\\\",\\n  \\\"controlUnitId\\\" : \\\"ff808081554decb10156afcdba22037b\\\",\\n  \\\"outTimeInt\\\" : \\\"1537692622\\\",\\n  \\\"parkCode\\\" : \\\"Test_huguobiao\\\",\\n  \\\"hgMoney\\\" : 0.0,\\n  \\\"outTime\\\" : \\\"2018-11-30 09:29:00\\\",\\n  \\\"genTrans\\\" : 0,\\n  \\\"overChargeTime\\\" : \\\"2018-11-29 16:55:00\\\",\\n  \\\"userTypeId\\\" : \\\"4505859ccbc34a88b6c39290413dfee8\\\",\\n  \\\"isReal\\\" : 0,\\n  \\\"sendFlag\\\" : 1,\\n  \\\"parkName\\\" : \\\"胡国彪测试车场\\\",\\n  \\\"ysMoney\\\" : 8.0,\\n  \\\"fileSendCount\\\" : 0,\\n  \\\"yhMoney\\\" : 8.0,\\n  \\\"parkingTime\\\" : 5647,\\n  \\\"operatorName\\\" : \\\"何印茹\\\",\\n  \\\"withHoldMoney\\\" : 0,\\n  \\\"inEquipId\\\" : \\\"587b7c20dabb43ecae2f75c5d3010704\\\",\\n  \\\"inEquipName\\\" : \\\"LG-BA双进右14\\\",\\n  \\\"controlTwo\\\" : \\\"cqfgs\\\",\\n  \\\"outOperator\\\" : \\\"何印茹\\\",\\n  \\\"outEquipCode\\\" : \\\"20\\\",\\n  \\\"overTimeSSMoney\\\" : 0.0,\\n  \\\"ssMoney\\\" : 0.0,\\n  \\\"controlThree\\\" : \\\"hrzdcq\\\",\\n  \\\"parkInId\\\" : \\\"9de13da59944499ca7bb958d4db4722f\\\",\\n  \\\"inTotal\\\" : 0,\\n  \\\"payTypeName\\\" : \\\"CASH\\\",\\n  \\\"inTime\\\" : \\\"2018-11-27 09:52:00\\\",\\n  \\\"outEquipName\\\" : \\\"BA-LG双出右16\\\",\\n  \\\"inEquipCode\\\" : \\\"2\\\",\\n  \\\"recordFlags\\\" : {\\n    \\\"plateNoFrom\\\" : 1,\\n    \\\"onlineCalcType\\\" : \\\"CFTC\\\"\\n  }\\n}\"],\"contenttype\":[\"application/json\"],\"projectId\":[\"633d7be9d4644615b769b91db47c4225\"],\"comment\":[\"dsfas ewqrewq rw\"]}', '2019-01-21 10:43:43');
INSERT INTO `sys_log` VALUES ('7e2852c0f2f0437fba4d465bb190c06a', 'super', '用户登录成功', '/login/doLogin', '', '2018-12-04 15:09:27');
INSERT INTO `sys_log` VALUES ('7e695d2523114a8a9aa4e18385ea6bd4', 'super', '用户登录成功', '/login/doLogin', '', '2019-01-09 19:32:11');
INSERT INTO `sys_log` VALUES ('7ee494afbad64a9584d38aa27376b065', 'super', '用户登录成功', '/login/doLogin', '', '2019-01-05 11:36:00');
INSERT INTO `sys_log` VALUES ('7ef3ddfec9194e50a1533481112bba38', 'super', '编辑菜单', '/system/menu/doEdit', '{\"id\":[\"9\"],\"code\":[\"09\"],\"menuName\":[\"测试管理\"],\"sort\":[\"1\"],\"icon\":[\"fa-h-square\"]}', '2018-12-24 12:01:21');
INSERT INTO `sys_log` VALUES ('7fb9432b388749a4aa780be1f0a27947', 'super', '用户登录成功', '/login/doLogin', '', '2018-12-01 12:39:05');
INSERT INTO `sys_log` VALUES ('80adfee4c5f54158b7d6437913582451', 'super', '用户登录成功', '/login/doLogin', '', '2018-12-27 18:37:50');
INSERT INTO `sys_log` VALUES ('80ee077562654945a3a784bc95d517a3', 'super', '删除用例', '/mock/httpmock/delete', '{\"id\":[\"98c18876bcd74f069118cdbe788afd5e\"]}', '2018-12-02 17:01:52');
INSERT INTO `sys_log` VALUES ('81b8da8b7e8f4230b578fa987975e5ad', 'super', '编辑菜单', '/system/menu/doEdit', '{\"id\":[\"543850c7988a458494fd524d65059aac\"],\"pid\":[\"9\"],\"code\":[\"0905\"],\"menuName\":[\"httpmock\"],\"url\":[\"/mock/httpmock/list/1\"],\"sort\":[\"5\"],\"icon\":[\"fa-list\"]}', '2018-12-24 11:52:26');
INSERT INTO `sys_log` VALUES ('83b6d3636aca442b9603834a652816b3', 'super', '用户登录成功', '/login/doLogin', '', '2018-12-11 20:15:21');
INSERT INTO `sys_log` VALUES ('8584ef5e0fce4f9c8be591cf935cdc6e', 'super', '删除用例', '/mock/httpmock/delete', '{\"id\":[\"9646a1ae645a4f36af793c171e67a58d\"]}', '2019-01-05 13:17:23');
INSERT INTO `sys_log` VALUES ('863c74f595c3453a92c98bed2681eb30', 'super', '用户登录成功', '/login/doLogin', '', '2019-01-18 15:59:55');
INSERT INTO `sys_log` VALUES ('86cdbac3ea8f4541960e495135a515da', 'super', '用户登录成功', '/login/doLogin', '', '2018-12-05 12:29:07');
INSERT INTO `sys_log` VALUES ('8706a1f5167a47b88acfdc098d3a1628', 'super', '用户登录成功', '/login/doLogin', '', '2018-12-01 12:47:20');
INSERT INTO `sys_log` VALUES ('8833ab9e91434a07b861c8ddd1eead67', 'super', '编辑菜单', '/system/menu/doEdit', '{\"id\":[\"24cf77e4ab36409786d02c6c0bc10429\"],\"pid\":[\"9\"],\"code\":[\"0908\"],\"menuName\":[\"MD5\"],\"url\":[\"/md5\"],\"sort\":[\"8\"],\"icon\":[\"fa-file\"]}', '2018-12-22 13:36:43');
INSERT INTO `sys_log` VALUES ('8838311cfac043b9a68de16ef7167d1d', 'super', '用户登录成功', '/login/doLogin', '', '2018-12-01 13:50:41');
INSERT INTO `sys_log` VALUES ('883bc8e3b1ca4c46937ac45a2e19a53d', 'super', '删除菜单', '/system/menu/delete', '{\"id\":[\"235d8d1110174b25b80d4b8a751e3a86\"]}', '2018-12-22 13:34:35');
INSERT INTO `sys_log` VALUES ('8a57d31e882f4ec290ea783f2b138faf', 'super', '用户登录成功', '/login/doLogin', '', '2019-01-17 13:51:39');
INSERT INTO `sys_log` VALUES ('8b847b3ec1c541f192aaca2febed1ba0', 'super', '编辑用户', '/mock/httpmock/doEdit', '{\"id\":[\"40851a998ba34fa69cea6081d9a732f8\"],\"mockName\":[\"云端车牌识别1\"],\"path\":[\"/mockTest/api\"],\"responseParameter\":[\"{\\n  \\\"overTimeYSMoney\\\" : 8.0,\\n  \\\"overTimeHGMoney\\\" : 0.0,\\n  \\\"feestime\\\" : \\\"2018-11-30 09:29:00\\\",\\n  \\\"equipmentId\\\" : \\\"15172ab3cc07425cbb2e2a7bc62c9f88\\\",\\n  \\\"parkId\\\" : \\\"b29efd2bb10242429940212fc5249758\\\",\\n  \\\"replaceDeduct\\\" : 0,\\n  \\\"payType\\\" : \\\"CASH\\\",\\n  \\\"outMode\\\" : \\\"DISCNTFREE\\\",\\n  \\\"cardTypeId\\\" : \\\"4505859ccbc34a88b6c39290413dfee8\\\",\\n  \\\"freeMoney\\\" : 0,\\n  \\\"controlFour\\\" : \\\"0000003246\\\",\\n  \\\"equipId\\\" : \\\"15172ab3cc07425cbb2e2a7bc62c9f88\\\",\\n  \\\"dkTag\\\" : 0,\\n  \\\"subsystemId\\\" : \\\"ff808081554decb10156ba30887303bd\\\",\\n  \\\"outCarPhoto\\\" : \\\"0000008702/NISSP_IMG_PARK_OUT/20180903/0054d387b88a47aeac73eba2c7fed207\\\",\\n  \\\"dataType\\\" : 1,\\n  \\\"overTimeFlag\\\" : 0,\\n  \\\"eventType\\\" : \\\"BRUSHCARD\\\",\\n  \\\"idno\\\" : \\\"0E4A2DE40524\\\",\\n  \\\"inRecordId\\\" : \\\"4554d387b88a42aeacddeba1c12ea1a2\\\",\\n  \\\"carNumber\\\" : \\\"藏-SZX220\\\",\\n  \\\"itemId\\\" : \\\"5de22da521b11aadcaafae23d1db3a31f\\\",\\n  \\\"overTimeYHMoney\\\" : 8.0,\\n  \\\"cardId\\\" : \\\"11111111111111111111111111111111\\\",\\n  \\\"controlUnitId\\\" : \\\"ff808081554decb10156afcdba22037b\\\",\\n  \\\"outTimeInt\\\" : \\\"1537692622\\\",\\n  \\\"parkCode\\\" : \\\"Test_huguobiao\\\",\\n  \\\"hgMoney\\\" : 0.0,\\n  \\\"outTime\\\" : \\\"2018-11-30 09:29:00\\\",\\n  \\\"genTrans\\\" : 0,\\n  \\\"overChargeTime\\\" : \\\"2018-11-29 16:55:00\\\",\\n  \\\"userTypeId\\\" : \\\"4505859ccbc34a88b6c39290413dfee8\\\",\\n  \\\"isReal\\\" : 0,\\n  \\\"sendFlag\\\" : 1,\\n  \\\"parkName\\\" : \\\"胡国彪测试车场\\\",\\n  \\\"ysMoney\\\" : 8.0,\\n  \\\"fileSendCount\\\" : 0,\\n  \\\"yhMoney\\\" : 8.0,\\n  \\\"parkingTime\\\" : 5647,\\n  \\\"operatorName\\\" : \\\"何印茹\\\",\\n  \\\"withHoldMoney\\\" : 0,\\n  \\\"inEquipId\\\" : \\\"587b7c20dabb43ecae2f75c5d3010704\\\",\\n  \\\"inEquipName\\\" : \\\"LG-BA双进右14\\\",\\n  \\\"controlTwo\\\" : \\\"cqfgs\\\",\\n  \\\"outOperator\\\" : \\\"何印茹\\\",\\n  \\\"outEquipCode\\\" : \\\"20\\\",\\n  \\\"overTimeSSMoney\\\" : 0.0,\\n  \\\"ssMoney\\\" : 0.0,\\n  \\\"controlThree\\\" : \\\"hrzdcq\\\",\\n  \\\"parkInId\\\" : \\\"9de13da59944499ca7bb958d4db4722f\\\",\\n  \\\"inTotal\\\" : 0,\\n  \\\"payTypeName\\\" : \\\"CASH\\\",\\n  \\\"inTime\\\" : \\\"2018-11-27 09:52:00\\\",\\n  \\\"outEquipName\\\" : \\\"BA-LG双出右16\\\",\\n  \\\"inEquipCode\\\" : \\\"2\\\",\\n  \\\"recordFlags\\\" : {\\n    \\\"plateNoFrom\\\" : 1,\\n    \\\"onlineCalcType\\\" : \\\"CFTC\\\"\\n  }\\n}\"],\"contenttype\":[\"application/json\"],\"projectId\":[\"633d7be9d4644615b769b91db47c4225\"],\"comment\":[\"dsfas ewqrewq rw\"]}', '2018-12-04 16:40:10');
INSERT INTO `sys_log` VALUES ('8c494d6d0183479fb16002c726e10914', 'test', '用户登录成功', '/login/doLogin', '', '2018-12-01 11:41:54');
INSERT INTO `sys_log` VALUES ('8cc9551b785145d197cfbfdf0c8b486b', 'super', '删除用例', '/mock/httpmock/delete', '{\"id\":[\"98c18876bcd74f069118cdbe788afd5e\"]}', '2018-12-02 16:59:53');
INSERT INTO `sys_log` VALUES ('8cfbb21777f74c90af2b6849d305c97c', 'super', '编辑菜单', '/system/menu/doEdit', '{\"id\":[\"5311b418a154496cb13a888db50854a9\"],\"code\":[\"10\"],\"menuName\":[\"性能测试\"],\"sort\":[\"10\"],\"icon\":[\"fa-battery-4\"]}', '2018-12-27 16:48:29');
INSERT INTO `sys_log` VALUES ('8d3e4753121d4d6e91d07dbfb1407db0', 'super', '用户登录成功', '/login/doLogin', '', '2019-01-21 11:30:36');
INSERT INTO `sys_log` VALUES ('8da63f29f39a4c69a45ede00dc3520fc', 'super', '用户登录成功', '/login/doLogin', '', '2018-12-12 19:37:15');
INSERT INTO `sys_log` VALUES ('8db3e370a5af40b7973d99163905c555', 'super', '角色分配权限', '/system/role/doAuth', '{\"roleId\":[\"21f45e5543a049be9f169a3f5e6b72a8\"],\"mid[]\":[\"1\",\"2\",\"d2bc30feb5474a1bb7e02d48d39a3f8a\",\"a73802e513cc4465883530ec8074abbb\",\"4253190001c1480fb0d631d64d150535\",\"649b484b58414d91aefa5a26143e6557\",\"3\",\"1db9105008404a3485b6fac30dba3c0e\",\"60dda993d87647f5989c15f14f866df9\",\"686630c7cb624cc786dcdc9958971a6b\",\"b4e7232189b14cf3ba160cf7b0d3bf37\",\"a5ebf29168234406939856bc6890c86b\",\"f899f3d3baec4571b1c786717f9906fd\",\"4\",\"488ef1eff57b4827acade7c0744278ce\",\"3f26102ef0e04c3c9328cb97067cc5fa\",\"dc5f478d98ed4297a8ae638fe90df050\",\"0c9b5fc8b44b41d1871a8fc8300247ec\",\"5\",\"5d3dd56c16ff4e32aecae1b3228159c7\",\"6\",\"7\",\"8\",\"9\",\"3622778e78336a68210b2590163af943\",\"488ef1wwf57b4827acad47c0744278ce\",\"f899f223baec4571b1c786717f9906fd\"]}', '2018-12-01 12:59:00');
INSERT INTO `sys_log` VALUES ('8dfaf24a99104e29b3a4afc9cb1c1071', 'super', '用户登录成功', '/login/doLogin', '', '2018-12-27 18:33:28');
INSERT INTO `sys_log` VALUES ('8e0a6b7941ab4b3f946ae81022952a58', 'super', '用户登录成功', '/login/doLogin', '', '2018-12-29 09:24:59');
INSERT INTO `sys_log` VALUES ('8e141d93c64744269b0217fab9779004', 'super', '用户登录成功', '/login/doLogin', '', '2018-12-01 12:46:33');
INSERT INTO `sys_log` VALUES ('8f54f4dcb51444538039444bfedd6173', 'super', '新增用例', '/mock/httpmock/doAdd', '{\"mockName\":[\"云端车牌识别1\"],\"path\":[\"/cpr/rec\"],\"responseParameter\":[\"test\"],\"contenttype\":[\"application/json\"],\"projectId\":[\"633d7be9d4644615b769b91db47c4225\"],\"comment\":[\"test \"]}', '2018-12-02 17:09:10');
INSERT INTO `sys_log` VALUES ('8fd644ccc77b4afeb8bd03d75083f091', 'super', '角色分配权限', '/system/role/doAuth', '{\"roleId\":[\"21f45e5543a049be9f169a3f5e6b72a8\"],\"mid[]\":[\"1\",\"2\",\"d2bc30feb5474a1bb7e02d48d39a3f8a\",\"a73802e513cc4465883530ec8074abbb\",\"4253190001c1480fb0d631d64d150535\",\"649b484b58414d91aefa5a26143e6557\",\"3\",\"1db9105008404a3485b6fac30dba3c0e\",\"60dda993d87647f5989c15f14f866df9\",\"686630c7cb624cc786dcdc9958971a6b\",\"b4e7232189b14cf3ba160cf7b0d3bf37\",\"a5ebf29168234406939856bc6890c86b\",\"f899f3d3baec4571b1c786717f9906fd\",\"4\",\"488ef1eff57b4827acade7c0744278ce\",\"3f26102ef0e04c3c9328cb97067cc5fa\",\"dc5f478d98ed4297a8ae638fe90df050\",\"0c9b5fc8b44b41d1871a8fc8300247ec\",\"5\",\"5d3dd56c16ff4e32aecae1b3228159c7\",\"6\",\"7\",\"8\",\"9\",\"3622778e78336a68210b2590163af943\",\"488ef1wwf57b4827acad47c0744278ce\",\"f899f223baec4571b1c786717f9906fd\",\"543850c7988a458494fd524d65059aac\",\"54a62cc5055b4a47873251c560625f6f\",\"e7f7ff23bec94a6ba694f8f106141c20\",\"24cf77e4ab36409786d02c6c0bc10429\",\"7e248c88ab2c490a99987312796e1285\",\"5311b418a154496cb13a888db50854a9\",\"4f8cd6a446e044d4add6c3b3f828f79b\"]}', '2018-12-27 17:39:10');
INSERT INTO `sys_log` VALUES ('8ff68e88d9e74ea4ba305ce1e9362f02', 'super', '角色分配权限', '/system/role/doAuth', '{\"roleId\":[\"21f45e5543a049be9f169a3f5e6b72a8\"],\"mid[]\":[\"1\",\"2\",\"d2bc30feb5474a1bb7e02d48d39a3f8a\",\"a73802e513cc4465883530ec8074abbb\",\"4253190001c1480fb0d631d64d150535\",\"649b484b58414d91aefa5a26143e6557\",\"3\",\"1db9105008404a3485b6fac30dba3c0e\",\"60dda993d87647f5989c15f14f866df9\",\"686630c7cb624cc786dcdc9958971a6b\",\"b4e7232189b14cf3ba160cf7b0d3bf37\",\"a5ebf29168234406939856bc6890c86b\",\"f899f3d3baec4571b1c786717f9906fd\",\"4\",\"488ef1eff57b4827acade7c0744278ce\",\"3f26102ef0e04c3c9328cb97067cc5fa\",\"dc5f478d98ed4297a8ae638fe90df050\",\"0c9b5fc8b44b41d1871a8fc8300247ec\",\"5\",\"5d3dd56c16ff4e32aecae1b3228159c7\",\"6\",\"7\",\"8\",\"9\",\"3622778e78336a68210b2590163af943\",\"488ef1wwf57b4827acad47c0744278ce\",\"f899f223baec4571b1c786717f9906fd\",\"543850c7988a458494fd524d65059aac\",\"54a62cc5055b4a47873251c560625f6f\"]}', '2018-12-02 21:58:10');
INSERT INTO `sys_log` VALUES ('9081ee29719e49a883e3e1b1d139f699', 'super', '用户登录成功', '/login/doLogin', '', '2018-12-01 12:55:41');
INSERT INTO `sys_log` VALUES ('90ba8856cc30474c8477d4f5f5005fbd', 'super', '用户登录成功', '/login/doLogin', '', '2018-12-29 15:26:51');
INSERT INTO `sys_log` VALUES ('91152aa6bf354a13b93d7cfd58eb2429', 'super', '用户登录成功', '/login/doLogin', '', '2018-12-05 16:00:39');
INSERT INTO `sys_log` VALUES ('93ab0c53279d44149715e48bd859bf40', 'super', '编辑菜单', '/system/menu/doEdit', '{\"id\":[\"543850c7988a458494fd524d65059aac\"],\"pid\":[\"9\"],\"code\":[\"httpmock\"],\"menuName\":[\"httpmock\"],\"url\":[\"/httpmock\"],\"sort\":[\"2\"],\"icon\":[\"fa-file\"]}', '2018-12-01 12:01:50');
INSERT INTO `sys_log` VALUES ('94486684317548e2a32a27e8961bd9cb', 'super', '用户登录成功', '/login/doLogin', '', '2019-01-21 18:29:16');
INSERT INTO `sys_log` VALUES ('94987befb63d4180b95045671ac401e1', 'test', '用户登录成功', '/login/doLogin', '', '2019-01-21 09:00:58');
INSERT INTO `sys_log` VALUES ('949c6d81f5994b42a7e60fcf0f01fa21', 'super', '编辑菜单', '/system/menu/doEdit', '{\"id\":[\"543850c7988a458494fd524d65059aac\"],\"pid\":[\"9\"],\"code\":[\"0905\"],\"menuName\":[\"httpmock\"],\"url\":[\"/mock/httpmock/list/1\"],\"sort\":[\"5\"],\"icon\":[\"fa-file\"]}', '2018-12-01 12:09:19');
INSERT INTO `sys_log` VALUES ('9554524c91844e8091926ae59df97922', 'super', '用户登录成功', '/login/doLogin', '', '2018-12-27 18:11:29');
INSERT INTO `sys_log` VALUES ('9565282c039548c980f8cbda603a8932', 'super', '用户登录成功', '/login/doLogin', '', '2018-12-27 18:35:53');
INSERT INTO `sys_log` VALUES ('9570b5c998e94cb8a8d4f8bec0c06b0c', 'super', '用户登录成功', '/login/doLogin', '', '2018-12-01 13:23:51');
INSERT INTO `sys_log` VALUES ('958f86c60f9f4c08a0030545647a0d69', 'super', '编辑菜单', '/system/menu/doEdit', '{\"id\":[\"5311b418a154496cb13a888db50854a9\"],\"code\":[\"10\"],\"menuName\":[\"性能测试\"],\"sort\":[\"10\"],\"icon\":[\"fa-twitch\"]}', '2018-12-27 16:47:14');
INSERT INTO `sys_log` VALUES ('963974a018ce4da4a92c4f516af428a9', 'super', '用户登录成功', '/login/doLogin', '', '2019-01-10 10:44:50');
INSERT INTO `sys_log` VALUES ('97c7672b3736426292e81ddca14b2eab', 'super', '编辑菜单', '/system/menu/doEdit', '{\"id\":[\"5311b418a154496cb13a888db50854a9\"],\"code\":[\"10\"],\"menuName\":[\"性能测试\"],\"sort\":[\"10\"],\"icon\":[\"fa-circle\"]}', '2018-12-27 16:45:35');
INSERT INTO `sys_log` VALUES ('97f0d7214d324ceb80132f4afc2a66da', 'super', '用户登录成功', '/login/doLogin', '', '2019-01-12 10:48:44');
INSERT INTO `sys_log` VALUES ('987ba0adc0a94197b3d79db3586adade', 'super', '用户登录成功', '/login/doLogin', '', '2018-12-04 20:07:55');
INSERT INTO `sys_log` VALUES ('997f9352e7344f4dbb01ab1adb73ec33', 'test', '用户登录成功', '/login/doLogin', '', '2019-01-16 17:10:00');
INSERT INTO `sys_log` VALUES ('9b0c6c457a89424bb3bfbe67e2afb5f7', 'super', '编辑用户', '/mock/httpmock/doEdit', '{\"id\":[\"40851a998ba34fa69cea6081d9a732f8\"],\"mockName\":[\"云端车牌识别1\"],\"path\":[\"/mockTest/api\"],\"responseCode\":[\"500\"],\"responseParameter\":[\"{\\n  \\\"overTimeYSMoney\\\" : 8.0,\\n  \\\"overTimeHGMoney\\\" : 0.0,\\n  \\\"feestime\\\" : \\\"2018-11-30 09:29:00\\\",\\n  \\\"equipmentId\\\" : \\\"15172ab3cc07425cbb2e2a7bc62c9f88\\\",\\n  \\\"parkId\\\" : \\\"b29efd2bb10242429940212fc5249758\\\",\\n  \\\"replaceDeduct\\\" : 0,\\n  \\\"payType\\\" : \\\"CASH\\\",\\n  \\\"outMode\\\" : \\\"DISCNTFREE\\\",\\n  \\\"cardTypeId\\\" : \\\"4505859ccbc34a88b6c39290413dfee8\\\",\\n  \\\"freeMoney\\\" : 0,\\n  \\\"controlFour\\\" : \\\"0000003246\\\",\\n  \\\"equipId\\\" : \\\"15172ab3cc07425cbb2e2a7bc62c9f88\\\",\\n  \\\"dkTag\\\" : 0,\\n  \\\"subsystemId\\\" : \\\"ff808081554decb10156ba30887303bd\\\",\\n  \\\"outCarPhoto\\\" : \\\"0000008702/NISSP_IMG_PARK_OUT/20180903/0054d387b88a47aeac73eba2c7fed207\\\",\\n  \\\"dataType\\\" : 1,\\n  \\\"overTimeFlag\\\" : 0,\\n  \\\"eventType\\\" : \\\"BRUSHCARD\\\",\\n  \\\"idno\\\" : \\\"0E4A2DE40524\\\",\\n  \\\"inRecordId\\\" : \\\"4554d387b88a42aeacddeba1c12ea1a2\\\",\\n  \\\"carNumber\\\" : \\\"藏-SZX220\\\",\\n  \\\"itemId\\\" : \\\"5de22da521b11aadcaafae23d1db3a31f\\\",\\n  \\\"overTimeYHMoney\\\" : 8.0,\\n  \\\"cardId\\\" : \\\"11111111111111111111111111111111\\\",\\n  \\\"controlUnitId\\\" : \\\"ff808081554decb10156afcdba22037b\\\",\\n  \\\"outTimeInt\\\" : \\\"1537692622\\\",\\n  \\\"parkCode\\\" : \\\"Test_huguobiao\\\",\\n  \\\"hgMoney\\\" : 0.0,\\n  \\\"outTime\\\" : \\\"2018-11-30 09:29:00\\\",\\n  \\\"genTrans\\\" : 0,\\n  \\\"overChargeTime\\\" : \\\"2018-11-29 16:55:00\\\",\\n  \\\"userTypeId\\\" : \\\"4505859ccbc34a88b6c39290413dfee8\\\",\\n  \\\"isReal\\\" : 0,\\n  \\\"sendFlag\\\" : 1,\\n  \\\"parkName\\\" : \\\"胡国彪测试车场\\\",\\n  \\\"ysMoney\\\" : 8.0,\\n  \\\"fileSendCount\\\" : 0,\\n  \\\"yhMoney\\\" : 8.0,\\n  \\\"parkingTime\\\" : 5647,\\n  \\\"operatorName\\\" : \\\"何印茹\\\",\\n  \\\"withHoldMoney\\\" : 0,\\n  \\\"inEquipId\\\" : \\\"587b7c20dabb43ecae2f75c5d3010704\\\",\\n  \\\"inEquipName\\\" : \\\"LG-BA双进右14\\\",\\n  \\\"controlTwo\\\" : \\\"cqfgs\\\",\\n  \\\"outOperator\\\" : \\\"何印茹\\\",\\n  \\\"outEquipCode\\\" : \\\"20\\\",\\n  \\\"overTimeSSMoney\\\" : 0.0,\\n  \\\"ssMoney\\\" : 0.0,\\n  \\\"controlThree\\\" : \\\"hrzdcq\\\",\\n  \\\"parkInId\\\" : \\\"9de13da59944499ca7bb958d4db4722f\\\",\\n  \\\"inTotal\\\" : 0,\\n  \\\"payTypeName\\\" : \\\"CASH\\\",\\n  \\\"inTime\\\" : \\\"2018-11-27 09:52:00\\\",\\n  \\\"outEquipName\\\" : \\\"BA-LG双出右16\\\",\\n  \\\"inEquipCode\\\" : \\\"2\\\",\\n  \\\"recordFlags\\\" : {\\n    \\\"plateNoFrom\\\" : 1,\\n    \\\"onlineCalcType\\\" : \\\"CFTC\\\"\\n  }\\n}\"],\"contenttype\":[\"application/json\"],\"projectId\":[\"633d7be9d4644615b769b91db47c4225\"],\"comment\":[\"dsfas ewqrewq rw\"]}', '2018-12-04 17:34:40');
INSERT INTO `sys_log` VALUES ('9b304ac10a114b2bb05659b9b6799cd3', 'super', '编辑用户', '/mock/httpmock/doEdit', '{\"id\":[\"98c18876bcd74f069118cdbe788afd5e\"],\"mockName\":[\"云端车牌识别1\"],\"path\":[\"/cpr/rec1\"],\"responseParameter\":[\"云端车牌识别1\"],\"contenttype\":[\"application/json\"],\"projectId\":[\"633d7be9d4644615b769b91db47c4225\"],\"comment\":[\"云端车牌识别1\"]}', '2018-12-01 15:23:02');
INSERT INTO `sys_log` VALUES ('9b78096aa75d40968271b6dffaa4cc7e', 'super', '用户登录成功', '/login/doLogin', '', '2018-12-02 22:39:26');
INSERT INTO `sys_log` VALUES ('9b825d2a8dc5469584d0dfd63772cb8e', 'super', '用户登录成功', '/login/doLogin', '', '2019-01-21 11:33:21');
INSERT INTO `sys_log` VALUES ('9c17f98fb3014adeb83be77b650e3d37', 'super', '编辑菜单', '/system/menu/doEdit', '{\"id\":[\"543850c7988a458494fd524d65059aac\"],\"pid\":[\"9\"],\"code\":[\"0905\"],\"menuName\":[\"httpmock\"],\"url\":[\"/mock/httpmock\"],\"sort\":[\"2\"],\"icon\":[\"fa-file\"]}', '2018-12-01 12:07:29');
INSERT INTO `sys_log` VALUES ('9df96e71dc014bfeb6b9cc2c29cf6414', 'super', '用户登录成功', '/login/doLogin', '', '2018-12-01 15:00:35');
INSERT INTO `sys_log` VALUES ('9e31848c331a4f348fc0bfa2fbd26bb3', 'super', '编辑菜单', '/system/menu/doEdit', '{\"id\":[\"e7f7ff23bec94a6ba694f8f106141c20\"],\"pid\":[\"9\"],\"code\":[\"0907\"],\"menuName\":[\"JSON格式化\"],\"url\":[\"/json\"],\"sort\":[\"7\"],\"icon\":[\"fa-file\"]}', '2018-12-22 11:42:33');
INSERT INTO `sys_log` VALUES ('9ede23aea0694470bbe3d94ddd972947', 'super', '用户登录成功', '/login/doLogin', '', '2018-12-02 16:58:40');
INSERT INTO `sys_log` VALUES ('9ee4f68507b34ee7baf1770fc81d916f', 'super', '用户登录成功', '/login/doLogin', '', '2018-12-02 20:53:39');
INSERT INTO `sys_log` VALUES ('9fc4da3a5cea4b70ac00af05de111750', 'super', '用户登录成功', '/login/doLogin', '', '2018-12-01 13:49:20');
INSERT INTO `sys_log` VALUES ('a00c84959dd04e5c9db2679d095ec56f', 'super', '新增用例', '/mock/httpmock/doAdd', '{\"mockName\":[\"test\"],\"path\":[\"test\"],\"responseCode\":[\"200\"],\"responseParameter\":[\"test\"],\"contenttype\":[\"application/json\"],\"projectId\":[\"633d7be9d4644615b769b91db47c4225\"],\"comment\":[\"\"]}', '2019-01-05 13:04:50');
INSERT INTO `sys_log` VALUES ('a2414dbeb01c400c84838a1d7846bed4', 'super', '角色分配权限', '/system/role/doAuth', '{\"roleId\":[\"6a2994e4788a44f0973b5ca6ac4b6d73\"],\"mid[]\":[\"9\",\"543850c7988a458494fd524d65059aac\"]}', '2018-12-02 21:53:01');
INSERT INTO `sys_log` VALUES ('a26be12a001b45658dd008ab9a03b346', 'super', '用户登录成功', '/login/doLogin', '', '2018-12-01 13:02:49');
INSERT INTO `sys_log` VALUES ('a2b23de94ac447a5885b092ce838852d', 'super', '编辑用户', '/mock/httpmock/doEdit', '{\"id\":[\"40851a998ba34fa69cea6081d9a732f8\"],\"mockName\":[\"云端车牌识别1\"],\"path\":[\"/test/api\"],\"responseParameter\":[\"{\\n  \\\"overTimeYSMoney\\\" : 8.0,\\n  \\\"overTimeHGMoney\\\" : 0.0,\\n  \\\"feestime\\\" : \\\"2018-11-30 09:29:00\\\",\\n  \\\"equipmentId\\\" : \\\"15172ab3cc07425cbb2e2a7bc62c9f88\\\",\\n  \\\"parkId\\\" : \\\"b29efd2bb10242429940212fc5249758\\\",\\n  \\\"replaceDeduct\\\" : 0,\\n  \\\"payType\\\" : \\\"CASH\\\",\\n  \\\"outMode\\\" : \\\"DISCNTFREE\\\",\\n  \\\"cardTypeId\\\" : \\\"4505859ccbc34a88b6c39290413dfee8\\\",\\n  \\\"freeMoney\\\" : 0,\\n  \\\"controlFour\\\" : \\\"0000003246\\\",\\n  \\\"equipId\\\" : \\\"15172ab3cc07425cbb2e2a7bc62c9f88\\\",\\n  \\\"dkTag\\\" : 0,\\n  \\\"subsystemId\\\" : \\\"ff808081554decb10156ba30887303bd\\\",\\n  \\\"outCarPhoto\\\" : \\\"0000008702/NISSP_IMG_PARK_OUT/20180903/0054d387b88a47aeac73eba2c7fed207\\\",\\n  \\\"dataType\\\" : 1,\\n  \\\"overTimeFlag\\\" : 0,\\n  \\\"eventType\\\" : \\\"BRUSHCARD\\\",\\n  \\\"idno\\\" : \\\"0E4A2DE40524\\\",\\n  \\\"inRecordId\\\" : \\\"4554d387b88a42aeacddeba1c12ea1a2\\\",\\n  \\\"carNumber\\\" : \\\"藏-SZX220\\\",\\n  \\\"itemId\\\" : \\\"5de22da521b11aadcaafae23d1db3a31f\\\",\\n  \\\"overTimeYHMoney\\\" : 8.0,\\n  \\\"cardId\\\" : \\\"11111111111111111111111111111111\\\",\\n  \\\"controlUnitId\\\" : \\\"ff808081554decb10156afcdba22037b\\\",\\n  \\\"outTimeInt\\\" : \\\"1537692622\\\",\\n  \\\"parkCode\\\" : \\\"Test_huguobiao\\\",\\n  \\\"hgMoney\\\" : 0.0,\\n  \\\"outTime\\\" : \\\"2018-11-30 09:29:00\\\",\\n  \\\"genTrans\\\" : 0,\\n  \\\"overChargeTime\\\" : \\\"2018-11-29 16:55:00\\\",\\n  \\\"userTypeId\\\" : \\\"4505859ccbc34a88b6c39290413dfee8\\\",\\n  \\\"isReal\\\" : 0,\\n  \\\"sendFlag\\\" : 1,\\n  \\\"parkName\\\" : \\\"胡国彪测试车场\\\",\\n  \\\"ysMoney\\\" : 8.0,\\n  \\\"fileSendCount\\\" : 0,\\n  \\\"yhMoney\\\" : 8.0,\\n  \\\"parkingTime\\\" : 5647,\\n  \\\"operatorName\\\" : \\\"何印茹\\\",\\n  \\\"withHoldMoney\\\" : 0,\\n  \\\"inEquipId\\\" : \\\"587b7c20dabb43ecae2f75c5d3010704\\\",\\n  \\\"inEquipName\\\" : \\\"LG-BA双进右14\\\",\\n  \\\"controlTwo\\\" : \\\"cqfgs\\\",\\n  \\\"outOperator\\\" : \\\"何印茹\\\",\\n  \\\"outEquipCode\\\" : \\\"20\\\",\\n  \\\"overTimeSSMoney\\\" : 0.0,\\n  \\\"ssMoney\\\" : 0.0,\\n  \\\"controlThree\\\" : \\\"hrzdcq\\\",\\n  \\\"parkInId\\\" : \\\"9de13da59944499ca7bb958d4db4722f\\\",\\n  \\\"inTotal\\\" : 0,\\n  \\\"payTypeName\\\" : \\\"CASH\\\",\\n  \\\"inTime\\\" : \\\"2018-11-27 09:52:00\\\",\\n  \\\"outEquipName\\\" : \\\"BA-LG双出右16\\\",\\n  \\\"inEquipCode\\\" : \\\"2\\\",\\n  \\\"recordFlags\\\" : {\\n    \\\"plateNoFrom\\\" : 1,\\n    \\\"onlineCalcType\\\" : \\\"CFTC\\\"\\n  }\\n}\"],\"contenttype\":[\"application/json\"],\"projectId\":[\"633d7be9d4644615b769b91db47c4225\"],\"comment\":[\"dsfas ewqrewq rw\"]}', '2018-12-02 22:40:30');
INSERT INTO `sys_log` VALUES ('a3761aebaa544c419701d87684f2e761', 'super', '用户登录成功', '/login/doLogin', '', '2019-01-21 09:57:14');
INSERT INTO `sys_log` VALUES ('a3b7765107e24bd98854485fc0f20c58', 'super', '编辑菜单', '/system/menu/doEdit', '{\"id\":[\"54a62cc5055b4a47873251c560625f6f\"],\"pid\":[\"9\"],\"code\":[\"0906\"],\"menuName\":[\"KafkaProducer\"],\"url\":[\"/kafkaProducer/view\"],\"sort\":[\"6\"],\"icon\":[\"fa-truck\"]}', '2018-12-24 11:57:30');
INSERT INTO `sys_log` VALUES ('a44519e993754de5b3a113bfd285c341', 'super', '用户登录成功', '/login/doLogin', '', '2018-12-01 13:01:01');
INSERT INTO `sys_log` VALUES ('a454bf8824784e8180d7da626e7aa68b', 'super', '用户登录成功', '/login/doLogin', '', '2019-01-18 17:06:37');
INSERT INTO `sys_log` VALUES ('a50e1034bf7342bd9fb759c960668b27', 'super', '用户登录成功', '/login/doLogin', '', '2018-12-22 13:18:50');
INSERT INTO `sys_log` VALUES ('a556f64e30db42ab96c18034dc17a05d', 'super', '角色分配权限', '/system/role/doAuth', '{\"roleId\":[\"21f45e5543a049be9f169a3f5e6b72a8\"],\"mid[]\":[\"1\",\"2\",\"d2bc30feb5474a1bb7e02d48d39a3f8a\",\"a73802e513cc4465883530ec8074abbb\",\"4253190001c1480fb0d631d64d150535\",\"649b484b58414d91aefa5a26143e6557\",\"3\",\"1db9105008404a3485b6fac30dba3c0e\",\"60dda993d87647f5989c15f14f866df9\",\"686630c7cb624cc786dcdc9958971a6b\",\"b4e7232189b14cf3ba160cf7b0d3bf37\",\"a5ebf29168234406939856bc6890c86b\",\"f899f3d3baec4571b1c786717f9906fd\",\"4\",\"488ef1eff57b4827acade7c0744278ce\",\"3f26102ef0e04c3c9328cb97067cc5fa\",\"dc5f478d98ed4297a8ae638fe90df050\",\"0c9b5fc8b44b41d1871a8fc8300247ec\",\"5\",\"5d3dd56c16ff4e32aecae1b3228159c7\",\"6\",\"7\",\"8\",\"9\",\"3622778e78336a68210b2590163af943\",\"488ef1wwf57b4827acad47c0744278ce\",\"f899f223baec4571b1c786717f9906fd\",\"543850c7988a458494fd524d65059aac\"]}', '2018-12-01 13:03:43');
INSERT INTO `sys_log` VALUES ('a6c0eb045d7f4633860d5e891cd837f3', 'super', '用户登录成功', '/login/doLogin', '', '2018-12-25 18:29:49');
INSERT INTO `sys_log` VALUES ('a6ce92f82c574792be08ac524341635e', 'test', '用户登录成功', '/login/doLogin', '', '2019-01-21 12:04:55');
INSERT INTO `sys_log` VALUES ('a7d03e8a39224079a2016157f474e6cd', 'super', '用户登录成功', '/login/doLogin', '', '2018-12-05 16:07:34');
INSERT INTO `sys_log` VALUES ('a82bdc19fb9d4e7ea814818a77630117', 'super', '删除菜单', '/system/menu/delete', '{\"id\":[\"53189e2231a4466bad00f9f2a77b957d\"]}', '2018-12-02 21:56:41');
INSERT INTO `sys_log` VALUES ('a8366ce2e8c94667a3e1654cb8c7000f', 'super', '编辑角色', '/system/role/doEdit', '{\"id\":[\"21f45e5543a049be9f169a3f5e6b72a8\"],\"roleName\":[\"超级管理员\"],\"roleDesc\":[\"超级管理员\"],\"roleState\":[\"1\"]}', '2018-12-01 13:02:43');
INSERT INTO `sys_log` VALUES ('a8defecf52a24e0899e1104f932193a7', 'super', '编辑菜单', '/system/menu/doEdit', '{\"id\":[\"4f8cd6a446e044d4add6c3b3f828f79b\"],\"pid\":[\"5311b418a154496cb13a888db50854a9\"],\"code\":[\"1001\"],\"menuName\":[\"性能基线库\"],\"url\":[\"/performance/list/1\"],\"sort\":[\"11\"],\"icon\":[\"fa-search\"]}', '2019-01-21 14:01:56');
INSERT INTO `sys_log` VALUES ('a926af441ed2410baa0e7e3e2b20a468', 'super', '编辑用户', '/system/user/doEdit', '{\"id\":[\"c79ba431f9f74dfbae585b87b0cde933\"],\"userName\":[\"super\"],\"deptId\":[\"djcpt329b597d754c4180c6b40cdfb0f565\"],\"password\":[\"\"],\"confpwd\":[\"\"],\"userDesc\":[\"\"],\"userState\":[\"1\"],\"roleId[]\":[\"21f45e5543a049be9f169a3f5e6b72a8\",\"6a2994e4788a44f0973b5ca6ac4b6d73\",\"b1f9ce5543a049be9f169a3f5e6b72a8\"]}', '2018-12-01 12:51:24');
INSERT INTO `sys_log` VALUES ('aa583eb772504b6990bb1995123b34d4', 'test', '用户登录成功', '/login/doLogin', '', '2019-01-16 15:28:15');
INSERT INTO `sys_log` VALUES ('aa619576c92d431386fdc656ac3864fb', 'super', '用户登录成功', '/login/doLogin', '', '2018-12-04 20:12:13');
INSERT INTO `sys_log` VALUES ('aae7bc6e1f3e4b46b136061a826156b1', 'super', '用户登录成功', '/login/doLogin', '', '2018-12-02 17:08:31');
INSERT INTO `sys_log` VALUES ('ab481fb732cb485abf7ab321eb82b8c2', 'super', '用户登录成功', '/login/doLogin', '', '2019-01-05 12:16:05');
INSERT INTO `sys_log` VALUES ('ab50128c302442419446644ffe86d145', 'super', '用户登录成功', '/login/doLogin', '', '2018-12-02 21:16:11');
INSERT INTO `sys_log` VALUES ('ab90d1637fb34987a2dbff23318fca99', 'super', '用户登录成功', '/login/doLogin', '', '2018-12-01 12:51:36');
INSERT INTO `sys_log` VALUES ('abd6d86854a74025abc8ced3a4e4a3c1', 'super', '用户登录成功', '/login/doLogin', '', '2018-12-01 13:51:11');
INSERT INTO `sys_log` VALUES ('ac7c38db288a4193a310121d98aea4e4', 'test', '用户登录成功', '/login/doLogin', '', '2019-01-10 15:03:32');
INSERT INTO `sys_log` VALUES ('ac8397eb50d54f47bf813d0aa80fb3f2', 'super', '角色分配权限', '/system/role/doAuth', '{\"roleId\":[\"21f45e5543a049be9f169a3f5e6b72a8\"],\"mid[]\":[\"1\",\"2\",\"d2bc30feb5474a1bb7e02d48d39a3f8a\",\"a73802e513cc4465883530ec8074abbb\",\"4253190001c1480fb0d631d64d150535\",\"649b484b58414d91aefa5a26143e6557\",\"3\",\"1db9105008404a3485b6fac30dba3c0e\",\"60dda993d87647f5989c15f14f866df9\",\"686630c7cb624cc786dcdc9958971a6b\",\"b4e7232189b14cf3ba160cf7b0d3bf37\",\"a5ebf29168234406939856bc6890c86b\",\"f899f3d3baec4571b1c786717f9906fd\",\"4\",\"488ef1eff57b4827acade7c0744278ce\",\"3f26102ef0e04c3c9328cb97067cc5fa\",\"dc5f478d98ed4297a8ae638fe90df050\",\"0c9b5fc8b44b41d1871a8fc8300247ec\",\"5\",\"5d3dd56c16ff4e32aecae1b3228159c7\",\"6\",\"7\",\"8\",\"9\",\"3622778e78336a68210b2590163af943\",\"488ef1wwf57b4827acad47c0744278ce\",\"f899f223baec4571b1c786717f9906fd\",\"543850c7988a458494fd524d65059aac\"]}', '2018-12-01 13:07:57');
INSERT INTO `sys_log` VALUES ('ad45ac0580af4d85a344bbef744efafa', 'super', '删除菜单', '/system/menu/delete', '{\"id\":[\"c5a0dda46eca4cd6b3e87b9da86ae473\"]}', '2018-12-27 16:51:16');
INSERT INTO `sys_log` VALUES ('ad605816e53847b6a9129f445f4e406d', 'super', '用户登录成功', '/login/doLogin', '', '2019-01-16 19:58:58');
INSERT INTO `sys_log` VALUES ('adca679025aa4c47b26c6b0024665c6b', 'super', '用户登录成功', '/login/doLogin', '', '2019-01-15 11:14:38');
INSERT INTO `sys_log` VALUES ('adcfae89273845baad0bb35950b0ff17', 'super', '创建项目', '/u/project/doAdd', '{\"projectName\":[\"云停车3.0\"],\"projectHost\":[\"10.10.203.161\"],\"projectDesc\":[\"云停车3.0\"]}', '2019-01-17 13:54:25');
INSERT INTO `sys_log` VALUES ('ae63562f7d604edd87090d21ac822319', 'super', '用户登录成功', '/login/doLogin', '', '2018-12-01 15:26:00');
INSERT INTO `sys_log` VALUES ('ae9ecedb12504917ac116505e1099a52', 'super', '删除用例', '/mock/httpmock/delete', '{\"id\":[\"3b1e3570c1e14e76a05dbe9fa7c93720\"]}', '2018-12-02 17:09:46');
INSERT INTO `sys_log` VALUES ('aec08bdfcdb64235bc73c987e91cc5d5', 'super', '编辑菜单', '/system/menu/doEdit', '{\"id\":[\"5311b418a154496cb13a888db50854a9\"],\"code\":[\"10\"],\"menuName\":[\"性能测试\"],\"sort\":[\"10\"],\"icon\":[\"fa-bus\"]}', '2018-12-27 16:47:44');
INSERT INTO `sys_log` VALUES ('aee113d37b504048a484f9710df61419', 'super', '编辑菜单', '/system/menu/doEdit', '{\"id\":[\"9\"],\"code\":[\"09\"],\"menuName\":[\"测试管理\"],\"sort\":[\"1\"],\"icon\":[\"fa-info\"]}', '2018-12-24 12:00:48');
INSERT INTO `sys_log` VALUES ('af3a06f4052d42e7abf03606af45d10e', 'super', '删除用例', '/mock/httpmock/delete', '{\"id\":[\"98c18876bcd74f069118cdbe788afd5e\"]}', '2018-12-02 17:00:21');
INSERT INTO `sys_log` VALUES ('aff41b2c2a1b4e84bd8e5e1c5e365c74', 'super', '用户登录成功', '/login/doLogin', '', '2018-12-01 13:03:28');
INSERT INTO `sys_log` VALUES ('b190a4190c754937be4e4aecd154fbd6', 'super', '用户登录成功', '/login/doLogin', '', '2018-12-22 13:39:18');
INSERT INTO `sys_log` VALUES ('b1ec895e65d941f89ca21218a538b967', 'super', '用户登录成功', '/login/doLogin', '', '2018-12-04 20:08:58');
INSERT INTO `sys_log` VALUES ('b231eebca3e94533bb73c78f9a214881', 'super', '用户登录成功', '/login/doLogin', '', '2019-01-05 11:28:50');
INSERT INTO `sys_log` VALUES ('b243eab2988f49ff82059659ea3f84cc', 'test', '用户登录成功', '/login/doLogin', '', '2019-01-21 13:47:24');
INSERT INTO `sys_log` VALUES ('b38900fd2e9342158fcdfbfa2f8600af', 'super', '用户登录成功', '/login/doLogin', '', '2019-01-21 19:48:26');
INSERT INTO `sys_log` VALUES ('b38cda2f311840aaa7f3afe23e93acaa', 'super', '角色分配权限', '/system/role/doAuth', '{\"roleId\":[\"21f45e5543a049be9f169a3f5e6b72a8\"],\"mid[]\":[\"1\",\"2\",\"d2bc30feb5474a1bb7e02d48d39a3f8a\",\"a73802e513cc4465883530ec8074abbb\",\"4253190001c1480fb0d631d64d150535\",\"649b484b58414d91aefa5a26143e6557\",\"3\",\"1db9105008404a3485b6fac30dba3c0e\",\"60dda993d87647f5989c15f14f866df9\",\"686630c7cb624cc786dcdc9958971a6b\",\"b4e7232189b14cf3ba160cf7b0d3bf37\",\"a5ebf29168234406939856bc6890c86b\",\"f899f3d3baec4571b1c786717f9906fd\",\"4\",\"488ef1eff57b4827acade7c0744278ce\",\"3f26102ef0e04c3c9328cb97067cc5fa\",\"dc5f478d98ed4297a8ae638fe90df050\",\"0c9b5fc8b44b41d1871a8fc8300247ec\",\"5\",\"5d3dd56c16ff4e32aecae1b3228159c7\",\"6\",\"7\",\"8\",\"9\",\"3622778e78336a68210b2590163af943\",\"488ef1wwf57b4827acad47c0744278ce\",\"f899f223baec4571b1c786717f9906fd\",\"543850c7988a458494fd524d65059aac\"]}', '2018-12-01 12:58:33');
INSERT INTO `sys_log` VALUES ('b3ac518402c34475a5f0768d62e3a27a', 'super', '用户登录成功', '/login/doLogin', '', '2018-12-24 15:45:02');
INSERT INTO `sys_log` VALUES ('b57292a9ef2c4aaf844bf24aeacd0236', 'test', '用户登录成功', '/login/doLogin', '', '2019-01-21 14:05:23');
INSERT INTO `sys_log` VALUES ('b5c7da4cecc84b92b8fa69d95e287c64', 'super', '用户登录成功', '/login/doLogin', '', '2018-12-01 12:06:57');
INSERT INTO `sys_log` VALUES ('b695ee112b7541bc93d2d580940979cc', 'super', '用户登录成功', '/login/doLogin', '', '2018-12-25 18:23:53');
INSERT INTO `sys_log` VALUES ('b70cce8a0b61425da5d7c0332d5ecdb1', 'super', '编辑菜单', '/system/menu/doEdit', '{\"id\":[\"54a62cc5055b4a47873251c560625f6f\"],\"pid\":[\"9\"],\"code\":[\"0906\"],\"menuName\":[\"KafkaProducer\"],\"url\":[\"/kafkaProducer/view\"],\"sort\":[\"6\"],\"icon\":[\"fa-flask\"]}', '2018-12-24 11:56:11');
INSERT INTO `sys_log` VALUES ('b786dc7b060343dbb3ca1a5b88836310', 'super', '角色分配权限', '/system/role/doAuth', '{\"roleId\":[\"21f45e5543a049be9f169a3f5e6b72a8\"],\"mid[]\":[\"1\",\"2\",\"d2bc30feb5474a1bb7e02d48d39a3f8a\",\"a73802e513cc4465883530ec8074abbb\",\"4253190001c1480fb0d631d64d150535\",\"649b484b58414d91aefa5a26143e6557\",\"3\",\"1db9105008404a3485b6fac30dba3c0e\",\"60dda993d87647f5989c15f14f866df9\",\"686630c7cb624cc786dcdc9958971a6b\",\"b4e7232189b14cf3ba160cf7b0d3bf37\",\"a5ebf29168234406939856bc6890c86b\",\"f899f3d3baec4571b1c786717f9906fd\",\"4\",\"488ef1eff57b4827acade7c0744278ce\",\"3f26102ef0e04c3c9328cb97067cc5fa\",\"dc5f478d98ed4297a8ae638fe90df050\",\"0c9b5fc8b44b41d1871a8fc8300247ec\",\"5\",\"5d3dd56c16ff4e32aecae1b3228159c7\",\"6\",\"7\",\"8\",\"9\",\"3622778e78336a68210b2590163af943\",\"543850c7988a458494fd524d65059aac\",\"488ef1wwf57b4827acad47c0744278ce\",\"f899f223baec4571b1c786717f9906fd\"]}', '2018-12-01 11:49:26');
INSERT INTO `sys_log` VALUES ('b79a111e17e348c2a7fa6d94fda1fad6', 'super', '用户登录成功', '/login/doLogin', '', '2018-12-02 21:54:27');
INSERT INTO `sys_log` VALUES ('b7d4dc47d1134cceabc6458f90596ef9', 'super', '用户登录成功', '/login/doLogin', '', '2018-12-29 15:30:10');
INSERT INTO `sys_log` VALUES ('ba56af55a63f49068ff7f334a60fd417', 'super', '用户登录成功', '/login/doLogin', '', '2018-12-12 18:58:55');
INSERT INTO `sys_log` VALUES ('bbeb38aa2e354350b4a974cc3185be9d', 'super', '用户登录成功', '/login/doLogin', '', '2019-01-05 10:58:18');
INSERT INTO `sys_log` VALUES ('bc842b97715f43d2aa89dbfd5f4ce466', 'super', '编辑菜单', '/system/menu/doEdit', '{\"id\":[\"7e248c88ab2c490a99987312796e1285\"],\"pid\":[\"9\"],\"code\":[\"0909\"],\"menuName\":[\"KafkaConsumer\"],\"url\":[\"/kafkaConsumer/view\"],\"sort\":[\"9\"],\"icon\":[\"fa-file\"]}', '2018-12-27 17:39:00');
INSERT INTO `sys_log` VALUES ('bd17fd32d2964294b0b2c6a27809f0bf', 'super', '角色分配权限', '/system/role/doAuth', '{\"roleId\":[\"21f45e5543a049be9f169a3f5e6b72a8\"],\"mid[]\":[\"1\",\"2\",\"d2bc30feb5474a1bb7e02d48d39a3f8a\",\"a73802e513cc4465883530ec8074abbb\",\"4253190001c1480fb0d631d64d150535\",\"649b484b58414d91aefa5a26143e6557\",\"3\",\"1db9105008404a3485b6fac30dba3c0e\",\"60dda993d87647f5989c15f14f866df9\",\"686630c7cb624cc786dcdc9958971a6b\",\"b4e7232189b14cf3ba160cf7b0d3bf37\",\"a5ebf29168234406939856bc6890c86b\",\"f899f3d3baec4571b1c786717f9906fd\",\"4\",\"488ef1eff57b4827acade7c0744278ce\",\"3f26102ef0e04c3c9328cb97067cc5fa\",\"dc5f478d98ed4297a8ae638fe90df050\",\"0c9b5fc8b44b41d1871a8fc8300247ec\",\"5\",\"5d3dd56c16ff4e32aecae1b3228159c7\",\"6\",\"7\",\"8\",\"9\",\"3622778e78336a68210b2590163af943\",\"488ef1wwf57b4827acad47c0744278ce\",\"f899f223baec4571b1c786717f9906fd\",\"543850c7988a458494fd524d65059aac\"]}', '2018-12-01 13:01:21');
INSERT INTO `sys_log` VALUES ('bd769dadcb284a80a9a2ff7985012772', 'super', '角色分配权限', '/system/role/doAuth', '{\"roleId\":[\"6a2994e4788a44f0973b5ca6ac4b6d73\"],\"mid[]\":[\"9\",\"3622778e78336a68210b2590163af943\",\"543850c7988a458494fd524d65059aac\",\"54a62cc5055b4a47873251c560625f6f\",\"e7f7ff23bec94a6ba694f8f106141c20\",\"24cf77e4ab36409786d02c6c0bc10429\",\"7e248c88ab2c490a99987312796e1285\"]}', '2019-01-21 09:58:01');
INSERT INTO `sys_log` VALUES ('bdd40d20ed334274b276db19e2a2fa67', 'super', '用户登录成功', '/login/doLogin', '', '2018-12-11 19:30:48');
INSERT INTO `sys_log` VALUES ('bde5fb1d8a0c4da9a1b8881f5ad48a80', 'super', '用户登录成功', '/login/doLogin', '', '2018-12-05 11:44:49');
INSERT INTO `sys_log` VALUES ('be223707da0544d99d9f8e54feaddda1', 'super', '用户登录成功', '/login/doLogin', '', '2019-01-25 14:37:23');
INSERT INTO `sys_log` VALUES ('bf145dc1059f44e9a36d44624b2b062c', 'super', '新增用例', '/mock/httpmock/doAdd', '{\"mockName\":[\"云端车牌识别1\"],\"path\":[\"/test/api\"],\"responseParameter\":[\"\"],\"contenttype\":[\"application/json\"],\"projectId\":[\"633d7be9d4644615b769b91db47c4225\"],\"comment\":[\"\"]}', '2018-12-02 17:09:25');
INSERT INTO `sys_log` VALUES ('c1f748781cfa4d52b78a834595299e0a', 'test', '编辑用户', '/mock/httpmock/doEdit', '{\"id\":[\"40851a998ba34fa69cea6081d9a732f8\"],\"mockName\":[\"云端车牌识别1\"],\"path\":[\"/mockTest/api\"],\"responseCode\":[\"404\"],\"responseParameter\":[\"{\\n  \\\"overTimeYSMoney\\\" : 1.0,\\n  \\\"overTimeHGMoney\\\" : 2.0,\\n  \\\"feestime\\\" : \\\"2018-11-30 09:29:00\\\",\\n  \\\"equipmentId\\\" : \\\"15172ab3cc07425cbb2e2a7bc62c9f88\\\",\\n  \\\"parkId\\\" : \\\"b29efd2bb10242429940212fc5249758\\\",\\n  \\\"replaceDeduct\\\" : 0,\\n  \\\"payType\\\" : \\\"CASH\\\",\\n  \\\"outMode\\\" : \\\"DISCNTFREE\\\",\\n  \\\"cardTypeId\\\" : \\\"4505859ccbc34a88b6c39290413dfee8\\\",\\n  \\\"freeMoney\\\" : 0,\\n  \\\"controlFour\\\" : \\\"0000003246\\\",\\n  \\\"equipId\\\" : \\\"15172ab3cc07425cbb2e2a7bc62c9f88\\\",\\n  \\\"dkTag\\\" : 0,\\n  \\\"subsystemId\\\" : \\\"ff808081554decb10156ba30887303bd\\\",\\n  \\\"outCarPhoto\\\" : \\\"0000008702/NISSP_IMG_PARK_OUT/20180903/0054d387b88a47aeac73eba2c7fed207\\\",\\n  \\\"dataType\\\" : 1,\\n  \\\"overTimeFlag\\\" : 0,\\n  \\\"eventType\\\" : \\\"BRUSHCARD\\\",\\n  \\\"idno\\\" : \\\"0E4A2DE40524\\\",\\n  \\\"inRecordId\\\" : \\\"4554d387b88a42aeacddeba1c12ea1a2\\\",\\n  \\\"carNumber\\\" : \\\"藏-SZX220\\\",\\n  \\\"itemId\\\" : \\\"5de22da521b11aadcaafae23d1db3a31f\\\",\\n  \\\"overTimeYHMoney\\\" : 8.0,\\n  \\\"cardId\\\" : \\\"11111111111111111111111111111111\\\",\\n  \\\"controlUnitId\\\" : \\\"ff808081554decb10156afcdba22037b\\\",\\n  \\\"outTimeInt\\\" : \\\"1537692622\\\",\\n  \\\"parkCode\\\" : \\\"Test_huguobiao\\\",\\n  \\\"hgMoney\\\" : 0.0,\\n  \\\"outTime\\\" : \\\"2018-11-30 09:29:00\\\",\\n  \\\"genTrans\\\" : 0,\\n  \\\"overChargeTime\\\" : \\\"2018-11-29 16:55:00\\\",\\n  \\\"userTypeId\\\" : \\\"4505859ccbc34a88b6c39290413dfee8\\\",\\n  \\\"isReal\\\" : 0,\\n  \\\"sendFlag\\\" : 1,\\n  \\\"parkName\\\" : \\\"胡国彪测试车场\\\",\\n  \\\"ysMoney\\\" : 8.0,\\n  \\\"fileSendCount\\\" : 0,\\n  \\\"yhMoney\\\" : 8.0,\\n  \\\"parkingTime\\\" : 5647,\\n  \\\"operatorName\\\" : \\\"何印茹\\\",\\n  \\\"withHoldMoney\\\" : 0,\\n  \\\"inEquipId\\\" : \\\"587b7c20dabb43ecae2f75c5d3010704\\\",\\n  \\\"inEquipName\\\" : \\\"LG-BA双进右14\\\",\\n  \\\"controlTwo\\\" : \\\"cqfgs\\\",\\n  \\\"outOperator\\\" : \\\"何印茹\\\",\\n  \\\"outEquipCode\\\" : \\\"20\\\",\\n  \\\"overTimeSSMoney\\\" : 0.0,\\n  \\\"ssMoney\\\" : 0.0,\\n  \\\"controlThree\\\" : \\\"hrzdcq\\\",\\n  \\\"parkInId\\\" : \\\"9de13da59944499ca7bb958d4db4722f\\\",\\n  \\\"inTotal\\\" : 0,\\n  \\\"payTypeName\\\" : \\\"CASH\\\",\\n  \\\"inTime\\\" : \\\"2018-11-27 09:52:00\\\",\\n  \\\"outEquipName\\\" : \\\"BA-LG双出右16\\\",\\n  \\\"inEquipCode\\\" : \\\"2\\\",\\n  \\\"recordFlags\\\" : {\\n    \\\"plateNoFrom\\\" : 1,\\n    \\\"onlineCalcType\\\" : \\\"CFTC\\\"\\n  }\\n}\"],\"contenttype\":[\"application/json\"],\"projectId\":[\"633d7be9d4644615b769b91db47c4225\"],\"comment\":[\"dsfas ewqrewq rw\"]}', '2019-01-21 13:48:53');
INSERT INTO `sys_log` VALUES ('c2aab60f40ed4ef792063b3abc20612f', 'test', '用户登录成功', '/login/doLogin', '', '2019-01-21 10:43:18');
INSERT INTO `sys_log` VALUES ('c2c281d356e84a79ba4ef9df187f1265', 'super', '用户登录成功', '/login/doLogin', '', '2019-01-11 08:37:44');
INSERT INTO `sys_log` VALUES ('c35f5ad4ce104167bc762066c35582a2', 'super', '用户登录成功', '/login/doLogin', '', '2018-12-24 10:53:10');
INSERT INTO `sys_log` VALUES ('c3ceb8c7f2b94318befc901d815a3f1a', 'test', '用户登录成功', '/login/doLogin', '', '2019-01-21 13:37:32');
INSERT INTO `sys_log` VALUES ('c46d38ad32bd42219e467c68b3285196', 'super', '新增用例', '/u/testcase/doAdd', '{\"testcaseName\":[\"test\"],\"path\":[\"test\"],\"parameter\":[\"test\"],\"contenttype\":[\"application/json\"],\"projectId\":[\"633d7be9d4644615b769b91db47c4225\"],\"comment\":[\"\"]}', '2019-01-05 12:53:41');
INSERT INTO `sys_log` VALUES ('c5aa7327ec0844a6af2c77989c643d1d', 'super', '创建目录菜单', '/system/menu/doAddDir', '{\"code\":[\"Mock\"],\"menuName\":[\"Mock\"],\"sort\":[\"1\"],\"icon\":[\"fa-folder\"]}', '2018-12-01 11:46:58');
INSERT INTO `sys_log` VALUES ('c6645c83b0154d69a0d5472509ede7a1', 'super', '用户登录成功', '/login/doLogin', '', '2018-12-29 14:51:33');
INSERT INTO `sys_log` VALUES ('c668b9f33fe04ecb868d93698416d7b8', 'super', '用户登录成功', '/login/doLogin', '', '2019-01-05 13:28:38');
INSERT INTO `sys_log` VALUES ('c68207c226bd49e0b5bbf6a4c8ed21f0', 'super', '用户登录成功', '/login/doLogin', '', '2018-12-01 13:18:32');
INSERT INTO `sys_log` VALUES ('c6a73c71ad72446bb589b06597773ac3', 'super', '编辑菜单', '/system/menu/doEdit', '{\"id\":[\"20c236c7fb3345b0955e565afdbe5a29\"],\"pid\":[\"3622778e78336a68210b2590163af943\"],\"code\":[\"0908\"],\"menuName\":[\"MD5\"],\"resource\":[\"/md5\"],\"sort\":[\"8\"]}', '2018-12-22 13:34:53');
INSERT INTO `sys_log` VALUES ('c6aec4f758e34e74be0563fcda81e070', 'super', '用户登录成功', '/login/doLogin', '', '2018-12-27 19:05:38');
INSERT INTO `sys_log` VALUES ('c84392c1510e4f44886155ad7e62c4af', 'super', '用户登录成功', '/login/doLogin', '', '2018-12-25 19:30:14');
INSERT INTO `sys_log` VALUES ('c9b9d4d590b4404e94704b7740abd4cd', 'test', '新增用例', '/mock/httpmock/doAdd', '{\"mockName\":[\"出场记录推送\"],\"path\":[\"/mockTest/park/parkOut\"],\"responseCode\":[\"200\"],\"responseParameter\":[\"{\\\"resultCode\\\":0,\\n\\\"msg\\\":\\\"处理成功！\\\"\\n}\"],\"contenttype\":[\"application/json\"],\"projectId\":[\"633d7be9d4644615b769b91db47c4225\"],\"comment\":[\"出场记录推送\"]}', '2019-01-23 18:31:35');
INSERT INTO `sys_log` VALUES ('ca07b347611d437c8a39d6ce66b35fbb', 'super', '用户登录成功', '/login/doLogin', '', '2018-12-11 19:27:52');
INSERT INTO `sys_log` VALUES ('cbcfb3afee1d46a082796abd6dcb57e7', 'super', '角色分配权限', '/system/role/doAuth', '{\"roleId\":[\"21f45e5543a049be9f169a3f5e6b72a8\"],\"mid[]\":[\"1\",\"2\",\"d2bc30feb5474a1bb7e02d48d39a3f8a\",\"a73802e513cc4465883530ec8074abbb\",\"4253190001c1480fb0d631d64d150535\",\"649b484b58414d91aefa5a26143e6557\",\"3\",\"1db9105008404a3485b6fac30dba3c0e\",\"60dda993d87647f5989c15f14f866df9\",\"686630c7cb624cc786dcdc9958971a6b\",\"b4e7232189b14cf3ba160cf7b0d3bf37\",\"a5ebf29168234406939856bc6890c86b\",\"f899f3d3baec4571b1c786717f9906fd\",\"4\",\"488ef1eff57b4827acade7c0744278ce\",\"3f26102ef0e04c3c9328cb97067cc5fa\",\"dc5f478d98ed4297a8ae638fe90df050\",\"0c9b5fc8b44b41d1871a8fc8300247ec\",\"5\",\"5d3dd56c16ff4e32aecae1b3228159c7\",\"6\",\"7\",\"8\",\"9\",\"3622778e78336a68210b2590163af943\",\"488ef1wwf57b4827acad47c0744278ce\",\"f899f223baec4571b1c786717f9906fd\",\"543850c7988a458494fd524d65059aac\",\"54a62cc5055b4a47873251c560625f6f\",\"e7f7ff23bec94a6ba694f8f106141c20\",\"24cf77e4ab36409786d02c6c0bc10429\",\"5311b418a154496cb13a888db50854a9\"]}', '2018-12-27 16:39:51');
INSERT INTO `sys_log` VALUES ('cc9e1a6ea53a46c6afeb42cf29e1ad02', 'super', '编辑用户', '/mock/httpmock/doEdit', '{\"id\":[\"40851a998ba34fa69cea6081d9a732f8\"],\"mockName\":[\"云端车牌识别1\"],\"path\":[\"/mockTest/api\"],\"responseCode\":[\"200\"],\"responseParameter\":[\"{\\n  \\\"overTimeYSMoney\\\" : 1.0,\\n  \\\"overTimeHGMoney\\\" : 0.0,\\n  \\\"feestime\\\" : \\\"2018-11-30 09:29:00\\\",\\n  \\\"equipmentId\\\" : \\\"15172ab3cc07425cbb2e2a7bc62c9f88\\\",\\n  \\\"parkId\\\" : \\\"b29efd2bb10242429940212fc5249758\\\",\\n  \\\"replaceDeduct\\\" : 0,\\n  \\\"payType\\\" : \\\"CASH\\\",\\n  \\\"outMode\\\" : \\\"DISCNTFREE\\\",\\n  \\\"cardTypeId\\\" : \\\"4505859ccbc34a88b6c39290413dfee8\\\",\\n  \\\"freeMoney\\\" : 0,\\n  \\\"controlFour\\\" : \\\"0000003246\\\",\\n  \\\"equipId\\\" : \\\"15172ab3cc07425cbb2e2a7bc62c9f88\\\",\\n  \\\"dkTag\\\" : 0,\\n  \\\"subsystemId\\\" : \\\"ff808081554decb10156ba30887303bd\\\",\\n  \\\"outCarPhoto\\\" : \\\"0000008702/NISSP_IMG_PARK_OUT/20180903/0054d387b88a47aeac73eba2c7fed207\\\",\\n  \\\"dataType\\\" : 1,\\n  \\\"overTimeFlag\\\" : 0,\\n  \\\"eventType\\\" : \\\"BRUSHCARD\\\",\\n  \\\"idno\\\" : \\\"0E4A2DE40524\\\",\\n  \\\"inRecordId\\\" : \\\"4554d387b88a42aeacddeba1c12ea1a2\\\",\\n  \\\"carNumber\\\" : \\\"藏-SZX220\\\",\\n  \\\"itemId\\\" : \\\"5de22da521b11aadcaafae23d1db3a31f\\\",\\n  \\\"overTimeYHMoney\\\" : 8.0,\\n  \\\"cardId\\\" : \\\"11111111111111111111111111111111\\\",\\n  \\\"controlUnitId\\\" : \\\"ff808081554decb10156afcdba22037b\\\",\\n  \\\"outTimeInt\\\" : \\\"1537692622\\\",\\n  \\\"parkCode\\\" : \\\"Test_huguobiao\\\",\\n  \\\"hgMoney\\\" : 0.0,\\n  \\\"outTime\\\" : \\\"2018-11-30 09:29:00\\\",\\n  \\\"genTrans\\\" : 0,\\n  \\\"overChargeTime\\\" : \\\"2018-11-29 16:55:00\\\",\\n  \\\"userTypeId\\\" : \\\"4505859ccbc34a88b6c39290413dfee8\\\",\\n  \\\"isReal\\\" : 0,\\n  \\\"sendFlag\\\" : 1,\\n  \\\"parkName\\\" : \\\"胡国彪测试车场\\\",\\n  \\\"ysMoney\\\" : 8.0,\\n  \\\"fileSendCount\\\" : 0,\\n  \\\"yhMoney\\\" : 8.0,\\n  \\\"parkingTime\\\" : 5647,\\n  \\\"operatorName\\\" : \\\"何印茹\\\",\\n  \\\"withHoldMoney\\\" : 0,\\n  \\\"inEquipId\\\" : \\\"587b7c20dabb43ecae2f75c5d3010704\\\",\\n  \\\"inEquipName\\\" : \\\"LG-BA双进右14\\\",\\n  \\\"controlTwo\\\" : \\\"cqfgs\\\",\\n  \\\"outOperator\\\" : \\\"何印茹\\\",\\n  \\\"outEquipCode\\\" : \\\"20\\\",\\n  \\\"overTimeSSMoney\\\" : 0.0,\\n  \\\"ssMoney\\\" : 0.0,\\n  \\\"controlThree\\\" : \\\"hrzdcq\\\",\\n  \\\"parkInId\\\" : \\\"9de13da59944499ca7bb958d4db4722f\\\",\\n  \\\"inTotal\\\" : 0,\\n  \\\"payTypeName\\\" : \\\"CASH\\\",\\n  \\\"inTime\\\" : \\\"2018-11-27 09:52:00\\\",\\n  \\\"outEquipName\\\" : \\\"BA-LG双出右16\\\",\\n  \\\"inEquipCode\\\" : \\\"2\\\",\\n  \\\"recordFlags\\\" : {\\n    \\\"plateNoFrom\\\" : 1,\\n    \\\"onlineCalcType\\\" : \\\"CFTC\\\"\\n  }\\n}\"],\"contenttype\":[\"application/json\"],\"projectId\":[\"633d7be9d4644615b769b91db47c4225\"],\"comment\":[\"dsfas ewqrewq rw\"]}', '2018-12-24 10:56:30');
INSERT INTO `sys_log` VALUES ('cd0d829f660b4f70847191f7e977aa0c', 'super', '用户登录成功', '/login/doLogin', '', '2019-01-17 13:49:23');
INSERT INTO `sys_log` VALUES ('cdb836a37f734d76a75fcb132a1e49d2', 'super', '用户登录成功', '/login/doLogin', '', '2018-12-15 12:12:27');
INSERT INTO `sys_log` VALUES ('ceebadc3560e4d3f959bd8366863f0fe', 'super', '用户登录成功', '/login/doLogin', '', '2018-12-01 14:09:19');
INSERT INTO `sys_log` VALUES ('d1a61a652cf94227b6ebb57f10e6e9fe', 'super', '用户登录成功', '/login/doLogin', '', '2018-12-01 12:58:43');
INSERT INTO `sys_log` VALUES ('d2927f8918ba4e7399af08a1284e1461', 'super', '用户登录成功', '/login/doLogin', '', '2018-12-29 15:19:13');
INSERT INTO `sys_log` VALUES ('d36139310e584972ab9431bebca11347', 'super', '用户登录成功', '/login/doLogin', '', '2018-12-02 17:02:34');
INSERT INTO `sys_log` VALUES ('d48fe2ebc8e1447db2466df246abee36', 'super', '编辑菜单', '/system/menu/doEdit', '{\"id\":[\"7a45a1c2ca9d4bd09a9390e613c9de57\"],\"pid\":[\"1\"],\"code\":[\"10\"],\"menuName\":[\"工具集合\"],\"url\":[\"--\"],\"sort\":[\"10\"],\"icon\":[\"fa-file\"]}', '2018-12-15 12:06:53');
INSERT INTO `sys_log` VALUES ('d4d904e024ed4b6e923e73cfd305f96e', 'super', '删除用例', '/u/testcase/delete', '{\"id\":[\"e5eac05bbd2045c18b456bbdccc94561\"]}', '2018-12-02 16:48:52');
INSERT INTO `sys_log` VALUES ('d539beaf6f764ebfa9552b9964574b16', 'super', '编辑用户', '/mock/httpmock/doEdit', '{\"id\":[\"98c18876bcd74f069118cdbe788afd5e\"],\"mockName\":[\"云端车牌识别\"],\"path\":[\"/cpr/rec\"],\"responseParameter\":[\"云端车牌识别\"],\"contenttype\":[\"application/json\"],\"projectId\":[\"633d7be9d4644615b769b91db47c4225\"],\"comment\":[\"云端车牌识别\"]}', '2018-12-01 15:20:26');
INSERT INTO `sys_log` VALUES ('d60822b9a180456db3d7743183106d7a', 'test', '创建项目', '/u/project/doAdd', '{\"projectName\":[\"数据中心\"],\"projectHost\":[\"10.10.203.204\"],\"projectDesc\":[\"数据中心：管理系统、对接系统、集成系统、监控系统、统计系统、API系统\"]}', '2019-01-25 15:29:46');
INSERT INTO `sys_log` VALUES ('d633acbf2601453b96a7146608a7b733', 'super', '创建菜单', '/system/menu/doAddMenu', '{\"pid\":[\"5311b418a154496cb13a888db50854a9\"],\"code\":[\"1001\"],\"menuName\":[\"性能指标基线库\"],\"url\":[\"/performance\"],\"sort\":[\"11\"],\"icon\":[\"fa-file\"]}', '2018-12-27 16:55:49');
INSERT INTO `sys_log` VALUES ('d6a7a40e368a405499e3b59f622a13f4', 'super', '用户登录成功', '/login/doLogin', '', '2018-12-02 16:50:26');
INSERT INTO `sys_log` VALUES ('d8474f9442544f5a89315c35ba19429a', 'super', '用户登录成功', '/login/doLogin', '', '2019-01-21 12:05:08');
INSERT INTO `sys_log` VALUES ('d8a927015a0c403aa583d5e564f83f4f', 'test', '编辑用户', '/mock/httpmock/doEdit', '{\"id\":[\"292303be4d634ccabf383ba1c139f7e1\"],\"mockName\":[\"动态二维码下发\"],\"path\":[\"/mockTest/dynamicCode\"],\"responseCode\":[\"404\"],\"responseParameter\":[\"动态二维码下发功能测试\"],\"contenttype\":[\"application/json\"],\"projectId\":[\"79f0ed694c5a463090a49a8569887ac0\"],\"comment\":[\"动态二维码下发功能测试\"]}', '2019-01-21 10:44:25');
INSERT INTO `sys_log` VALUES ('d8bf702626aa43d4af9967b8c397b93d', 'test', '编辑用户', '/mock/httpmock/doEdit', '{\"id\":[\"40851a998ba34fa69cea6081d9a732f8\"],\"mockName\":[\"云端车牌识别1\"],\"path\":[\"/test/api\"],\"responseParameter\":[\"test adstsaet arwe \"],\"contenttype\":[\"application/json\"],\"projectId\":[\"633d7be9d4644615b769b91db47c4225\"],\"comment\":[\"dsfas ewqrewq rw\"]}', '2018-12-02 21:53:46');
INSERT INTO `sys_log` VALUES ('d8f97acd397c405ca74c087f7378e21d', 'super', '用户登录成功', '/login/doLogin', '', '2018-12-27 18:51:49');
INSERT INTO `sys_log` VALUES ('d96182a543d54c0fab6a359bbb56868e', 'super', '编辑用户', '/mock/httpmock/doEdit', '{\"id\":[\"40851a998ba34fa69cea6081d9a732f8\"],\"mockName\":[\"云端车牌识别1\"],\"path\":[\"/mockTest/api\"],\"responseCode\":[\"200\"],\"responseParameter\":[\"{\\n  \\\"overTimeYSMoney\\\" : 1.0,\\n  \\\"overTimeHGMoney\\\" : 2.0,\\n  \\\"feestime\\\" : \\\"2018-11-30 09:29:00\\\",\\n  \\\"equipmentId\\\" : \\\"15172ab3cc07425cbb2e2a7bc62c9f88\\\",\\n  \\\"parkId\\\" : \\\"b29efd2bb10242429940212fc5249758\\\",\\n  \\\"replaceDeduct\\\" : 0,\\n  \\\"payType\\\" : \\\"CASH\\\",\\n  \\\"outMode\\\" : \\\"DISCNTFREE\\\",\\n  \\\"cardTypeId\\\" : \\\"4505859ccbc34a88b6c39290413dfee8\\\",\\n  \\\"freeMoney\\\" : 0,\\n  \\\"controlFour\\\" : \\\"0000003246\\\",\\n  \\\"equipId\\\" : \\\"15172ab3cc07425cbb2e2a7bc62c9f88\\\",\\n  \\\"dkTag\\\" : 0,\\n  \\\"subsystemId\\\" : \\\"ff808081554decb10156ba30887303bd\\\",\\n  \\\"outCarPhoto\\\" : \\\"0000008702/NISSP_IMG_PARK_OUT/20180903/0054d387b88a47aeac73eba2c7fed207\\\",\\n  \\\"dataType\\\" : 1,\\n  \\\"overTimeFlag\\\" : 0,\\n  \\\"eventType\\\" : \\\"BRUSHCARD\\\",\\n  \\\"idno\\\" : \\\"0E4A2DE40524\\\",\\n  \\\"inRecordId\\\" : \\\"4554d387b88a42aeacddeba1c12ea1a2\\\",\\n  \\\"carNumber\\\" : \\\"藏-SZX220\\\",\\n  \\\"itemId\\\" : \\\"5de22da521b11aadcaafae23d1db3a31f\\\",\\n  \\\"overTimeYHMoney\\\" : 8.0,\\n  \\\"cardId\\\" : \\\"11111111111111111111111111111111\\\",\\n  \\\"controlUnitId\\\" : \\\"ff808081554decb10156afcdba22037b\\\",\\n  \\\"outTimeInt\\\" : \\\"1537692622\\\",\\n  \\\"parkCode\\\" : \\\"Test_huguobiao\\\",\\n  \\\"hgMoney\\\" : 0.0,\\n  \\\"outTime\\\" : \\\"2018-11-30 09:29:00\\\",\\n  \\\"genTrans\\\" : 0,\\n  \\\"overChargeTime\\\" : \\\"2018-11-29 16:55:00\\\",\\n  \\\"userTypeId\\\" : \\\"4505859ccbc34a88b6c39290413dfee8\\\",\\n  \\\"isReal\\\" : 0,\\n  \\\"sendFlag\\\" : 1,\\n  \\\"parkName\\\" : \\\"胡国彪测试车场\\\",\\n  \\\"ysMoney\\\" : 8.0,\\n  \\\"fileSendCount\\\" : 0,\\n  \\\"yhMoney\\\" : 8.0,\\n  \\\"parkingTime\\\" : 5647,\\n  \\\"operatorName\\\" : \\\"何印茹\\\",\\n  \\\"withHoldMoney\\\" : 0,\\n  \\\"inEquipId\\\" : \\\"587b7c20dabb43ecae2f75c5d3010704\\\",\\n  \\\"inEquipName\\\" : \\\"LG-BA双进右14\\\",\\n  \\\"controlTwo\\\" : \\\"cqfgs\\\",\\n  \\\"outOperator\\\" : \\\"何印茹\\\",\\n  \\\"outEquipCode\\\" : \\\"20\\\",\\n  \\\"overTimeSSMoney\\\" : 0.0,\\n  \\\"ssMoney\\\" : 0.0,\\n  \\\"controlThree\\\" : \\\"hrzdcq\\\",\\n  \\\"parkInId\\\" : \\\"9de13da59944499ca7bb958d4db4722f\\\",\\n  \\\"inTotal\\\" : 0,\\n  \\\"payTypeName\\\" : \\\"CASH\\\",\\n  \\\"inTime\\\" : \\\"2018-11-27 09:52:00\\\",\\n  \\\"outEquipName\\\" : \\\"BA-LG双出右16\\\",\\n  \\\"inEquipCode\\\" : \\\"2\\\",\\n  \\\"recordFlags\\\" : {\\n    \\\"plateNoFrom\\\" : 1,\\n    \\\"onlineCalcType\\\" : \\\"CFTC\\\"\\n  }\\n}\"],\"contenttype\":[\"application/json\"],\"projectId\":[\"633d7be9d4644615b769b91db47c4225\"],\"comment\":[\"dsfas ewqrewq rw\"]}', '2018-12-24 11:36:27');
INSERT INTO `sys_log` VALUES ('da058115edf54b348fa69ccf3b75d118', 'super', '删除菜单', '/system/menu/delete', '{\"id\":[\"7a45a1c2ca9d4bd09a9390e613c9de57\"]}', '2018-12-15 12:09:25');
INSERT INTO `sys_log` VALUES ('daa82a8ede964f158dc2f219cdc95505', 'test', '用户登录成功', '/login/doLogin', '', '2019-01-23 10:05:01');
INSERT INTO `sys_log` VALUES ('dc8b1597f5464e0cac3201d72edc522b', 'super', '编辑菜单', '/system/menu/doEdit', '{\"id\":[\"543850c7988a458494fd524d65059aac\"],\"pid\":[\"9\"],\"code\":[\"0905\"],\"menuName\":[\"httpmock\"],\"url\":[\"/httpmock\"],\"sort\":[\"2\"],\"icon\":[\"fa-file\"]}', '2018-12-01 12:03:35');
INSERT INTO `sys_log` VALUES ('dce6c79dc26f419082691e4131646b6b', 'test', '编辑用户', '/mock/httpmock/doEdit', '{\"id\":[\"6f81b56facd24f6680db26c9189f7b2e\"],\"mockName\":[\"出场记录推送\"],\"path\":[\"/mockTest/park/parkOut\"],\"responseCode\":[\"200\"],\"responseParameter\":[\"{\\\"resultCode\\\":0,\\n\\\"msg\\\":\\\"处理成功！\\\"\\n}\"],\"contenttype\":[\"application/json\"],\"projectId\":[\"6ecad16d1bc5420fb435b92e815663ed\"],\"comment\":[\"出场记录推送\"]}', '2019-01-25 15:30:00');
INSERT INTO `sys_log` VALUES ('dcf1b5e37d684622867827f904855efd', 'super', '用户登录成功', '/login/doLogin', '', '2019-01-22 15:42:39');
INSERT INTO `sys_log` VALUES ('ddc5ede02ed14e75877fb34a2239984a', 'super', '用户登录成功', '/login/doLogin', '', '2018-12-02 17:48:46');
INSERT INTO `sys_log` VALUES ('def66f16b744429e830b0bf54840331b', 'super', '用户登录成功', '/login/doLogin', '', '2019-01-11 17:49:03');
INSERT INTO `sys_log` VALUES ('e117d460d4cc4f8ca5e27ab70963a24a', 'super', '用户登录成功', '/login/doLogin', '', '2018-12-02 20:58:52');
INSERT INTO `sys_log` VALUES ('e122bcd4e4d44330a9c5e154dc31c9a4', 'super', '编辑用户', '/mock/httpmock/doEdit', '{\"id\":[\"98c18876bcd74f069118cdbe788afd5e\"],\"mockName\":[\"云端车牌识别2\"],\"path\":[\"/cpr/rec\"],\"responseParameter\":[\"云端车牌识别2\"],\"contenttype\":[\"application/json\"],\"projectId\":[\"633d7be9d4644615b769b91db47c4225\"],\"comment\":[\"云端车牌识别2\"]}', '2018-12-02 16:46:44');
INSERT INTO `sys_log` VALUES ('e167c87a50c7489b9eebb83e21b446e6', 'test', '新增用例', '/mock/httpmock/doAdd', '{\"mockName\":[\"入场记录推送\"],\"path\":[\"/mockTest/park/parkIn\"],\"responseCode\":[\"200\"],\"responseParameter\":[\"{\\\"resultCode\\\":0,\\n \\\"msg\\\":\\\"处理成功\\\"\\n}\"],\"contenttype\":[\"application/json\"],\"projectId\":[\"660a5d3cf93043d2a9698525b70485bb\"],\"comment\":[\"数据中心入场推送\"]}', '2019-01-23 18:30:49');
INSERT INTO `sys_log` VALUES ('e1be4d81133e455bb743065e7624ed8d', 'super', '用户登录成功', '/login/doLogin', '', '2018-12-22 11:46:33');
INSERT INTO `sys_log` VALUES ('e29774cc671b4dbe878ac8d414b51f28', 'super', '角色分配权限', '/system/role/doAuth', '{\"roleId\":[\"21f45e5543a049be9f169a3f5e6b72a8\"],\"mid[]\":[\"1\",\"2\",\"d2bc30feb5474a1bb7e02d48d39a3f8a\",\"a73802e513cc4465883530ec8074abbb\",\"4253190001c1480fb0d631d64d150535\",\"649b484b58414d91aefa5a26143e6557\",\"3\",\"1db9105008404a3485b6fac30dba3c0e\",\"60dda993d87647f5989c15f14f866df9\",\"686630c7cb624cc786dcdc9958971a6b\",\"b4e7232189b14cf3ba160cf7b0d3bf37\",\"a5ebf29168234406939856bc6890c86b\",\"f899f3d3baec4571b1c786717f9906fd\",\"4\",\"488ef1eff57b4827acade7c0744278ce\",\"3f26102ef0e04c3c9328cb97067cc5fa\",\"dc5f478d98ed4297a8ae638fe90df050\",\"0c9b5fc8b44b41d1871a8fc8300247ec\",\"5\",\"5d3dd56c16ff4e32aecae1b3228159c7\",\"6\",\"7\",\"8\",\"24cf77e4ab36409786d02c6c0bc10429\",\"9\",\"3622778e78336a68210b2590163af943\",\"488ef1wwf57b4827acad47c0744278ce\",\"f899f223baec4571b1c786717f9906fd\",\"543850c7988a458494fd524d65059aac\",\"54a62cc5055b4a47873251c560625f6f\",\"e7f7ff23bec94a6ba694f8f106141c20\"]}', '2018-12-22 13:36:26');
INSERT INTO `sys_log` VALUES ('e2b5e67177884def80333403fcb1d5d2', 'super', '用户登录成功', '/login/doLogin', '', '2018-12-04 19:45:01');
INSERT INTO `sys_log` VALUES ('e39dfa394c5c4742b53592c9e4d207c1', 'super', '用户登录成功', '/login/doLogin', '', '2018-12-02 21:52:26');
INSERT INTO `sys_log` VALUES ('e410af83c29e42f49134d8610348bf20', 'super', '删除用例', '/u/testcase/delete', '{\"id\":[\"894b29248223403392338dfc8271ec9b\"]}', '2019-01-21 19:50:01');
INSERT INTO `sys_log` VALUES ('e4993b5757844961b07b49189c561c30', 'test', '用户登录成功', '/login/doLogin', '', '2019-01-21 16:50:24');
INSERT INTO `sys_log` VALUES ('e4f18d404f1248b7b27df18af36e8b6e', 'super', '用户登录成功', '/login/doLogin', '', '2019-01-09 19:39:33');
INSERT INTO `sys_log` VALUES ('e51ab390d08b42c68d3b58ddd58caecb', 'super', '编辑菜单', '/system/menu/doEdit', '{\"id\":[\"54a62cc5055b4a47873251c560625f6f\"],\"pid\":[\"9\"],\"code\":[\"0906\"],\"menuName\":[\"KafkaProducer\"],\"url\":[\"/kafkaProducer/view\"],\"sort\":[\"6\"],\"icon\":[\"fa-link\"]}', '2018-12-24 11:56:43');
INSERT INTO `sys_log` VALUES ('e5cf5ecf394b4a0288aed28ef62e4b5b', 'super', '用户登录成功', '/login/doLogin', '', '2018-12-04 18:44:13');
INSERT INTO `sys_log` VALUES ('e671bdd5ea86421fbf4a4543006bacdd', 'super', '编辑菜单', '/system/menu/doEdit', '{\"id\":[\"e7f7ff23bec94a6ba694f8f106141c20\"],\"pid\":[\"9\"],\"code\":[\"0907\"],\"menuName\":[\"JSON格式化\"],\"url\":[\"/json/jsonFormat.html\"],\"sort\":[\"7\"],\"icon\":[\"fa-file\"]}', '2018-12-15 12:17:44');
INSERT INTO `sys_log` VALUES ('e755a399ead7409980273751348a7e01', 'super', '编辑菜单', '/system/menu/doEdit', '{\"id\":[\"54a62cc5055b4a47873251c560625f6f\"],\"pid\":[\"9\"],\"code\":[\"0906\"],\"menuName\":[\"KafkaProducer\"],\"url\":[\"/kafkaProducer/view\"],\"sort\":[\"6\"],\"icon\":[\"fa fa-graduation-cap\"]}', '2018-12-05 16:07:51');
INSERT INTO `sys_log` VALUES ('e7b17a464c944bd09fd8b043ffe95a9d', 'super', '创建菜单', '/system/menu/doAddMenu', '{\"pid\":[\"9\"],\"code\":[\"0909\"],\"menuName\":[\"KafkaConsumer\"],\"url\":[\"/kafkaConsumer/view\"],\"sort\":[\"10\"],\"icon\":[\"fa-file\"]}', '2018-12-27 17:38:54');
INSERT INTO `sys_log` VALUES ('e7d0de66103345acaf471ea90374a91d', 'super', '用户登录成功', '/login/doLogin', '', '2019-01-05 13:42:55');
INSERT INTO `sys_log` VALUES ('e85999bc30f649aba9c8204186d35003', 'super', '用户登录成功', '/login/doLogin', '', '2019-01-05 14:24:11');
INSERT INTO `sys_log` VALUES ('e8963c817bab49d3970422e45983e76a', 'super', '用户登录成功', '/login/doLogin', '', '2018-12-05 15:48:58');
INSERT INTO `sys_log` VALUES ('e8e326a18d624c87aea36aecae5edeaf', 'super', '用户登录成功', '/login/doLogin', '', '2018-12-27 19:18:00');
INSERT INTO `sys_log` VALUES ('e9f77452f95b40858d2a2cbd111d9967', 'super', '用户登录成功', '/login/doLogin', '', '2018-12-22 11:39:42');
INSERT INTO `sys_log` VALUES ('ea1f45fa2fce4a1581e759490f08eca3', 'super', '用户登录成功', '/login/doLogin', '', '2019-01-09 19:39:43');
INSERT INTO `sys_log` VALUES ('eb400d915fea4d728915d67edac8291b', 'test', '用户登录成功', '/login/doLogin', '', '2019-01-23 18:57:01');
INSERT INTO `sys_log` VALUES ('ebfff26cfe8a4340a08c4e5ab0b6a13a', 'super', '编辑用户', '/mock/httpmock/doEdit', '{\"id\":[\"98c18876bcd74f069118cdbe788afd5e\"],\"mockName\":[\"云端车牌识别1\"],\"path\":[\"/cpr/rec1\"],\"responseParameter\":[\"云端车牌识别1\"],\"contenttype\":[\"application/json\"],\"projectId\":[\"633d7be9d4644615b769b91db47c4225\"],\"comment\":[\"云端车牌识别1\"]}', '2018-12-01 15:18:29');
INSERT INTO `sys_log` VALUES ('eca73da6658a46e68b68df5497dfa7fa', 'super', '用户登录成功', '/login/doLogin', '', '2019-01-16 20:07:40');
INSERT INTO `sys_log` VALUES ('ecc36c7d940b4744a9a8e1441b4847e0', 'test', '用户登录成功', '/login/doLogin', '', '2019-01-23 18:23:29');
INSERT INTO `sys_log` VALUES ('edf958aa72354adcafc55c49c229bd80', 'test', '用户登录成功', '/login/doLogin', '', '2019-01-21 09:58:19');
INSERT INTO `sys_log` VALUES ('f05809b19299411b81b32d1e13a566ca', 'super', '用户登录成功', '/login/doLogin', '', '2018-12-12 19:50:52');
INSERT INTO `sys_log` VALUES ('f0b8b13cb14646e1977533182727f82b', 'super', '编辑用户', '/mock/httpmock/doEdit', '{\"id\":[\"98c18876bcd74f069118cdbe788afd5e\"],\"mockName\":[\"云端车牌识别\"],\"path\":[\"/cpr/rec\"],\"responseParameter\":[\"云端车牌识别\"],\"contenttype\":[\"application/json\"],\"projectId\":[\"633d7be9d4644615b769b91db47c4225\"],\"comment\":[\"云端车牌识别\"]}', '2018-12-01 15:21:31');
INSERT INTO `sys_log` VALUES ('f1c1c2ea461040608a2be0dc8b95b244', 'super', '创建目录菜单', '/system/menu/doAddDir', '{\"code\":[\"0908\"],\"menuName\":[\"MD5\"],\"sort\":[\"9\"],\"icon\":[\"fa-folder\"]}', '2018-12-22 13:31:35');
INSERT INTO `sys_log` VALUES ('f26bd863a2b144ca909d9956d5c62b42', 'super', '用户登录成功', '/login/doLogin', '', '2019-01-05 14:00:29');
INSERT INTO `sys_log` VALUES ('f33161c0c44c4ae7a87eb806e6607622', 'super', '用户登录成功', '/login/doLogin', '', '2018-12-01 14:54:41');
INSERT INTO `sys_log` VALUES ('f5192af50c604db5a0b8d30424889da5', 'super', '创建菜单', '/system/menu/doAddMenu', '{\"pid\":[\"1\"],\"code\":[\"0908\"],\"menuName\":[\"MD5\"],\"url\":[\"/md5\"],\"sort\":[\"8\"],\"icon\":[\"fa-file\"]}', '2018-12-22 13:36:02');
INSERT INTO `sys_log` VALUES ('f578b31371084199ba337829e8e084f9', 'super', '用户登录成功', '/login/doLogin', '', '2018-12-02 21:17:06');
INSERT INTO `sys_log` VALUES ('f65112d269194b3ba38d2ea970b3dd86', 'test', '编辑用户', '/mock/httpmock/doEdit', '{\"id\":[\"40851a998ba34fa69cea6081d9a732f8\"],\"mockName\":[\"云端车牌识别1\"],\"path\":[\"/mockTest/api\"],\"responseCode\":[\"200\"],\"responseParameter\":[\"{\\n  \\\"overTimeYSMoney\\\" : 1.0,\\n  \\\"overTimeHGMoney\\\" : 2.0,\\n  \\\"feestime\\\" : \\\"2018-11-30 09:29:00\\\",\\n  \\\"equipmentId\\\" : \\\"15172ab3cc07425cbb2e2a7bc62c9f88\\\",\\n  \\\"parkId\\\" : \\\"b29efd2bb10242429940212fc5249758\\\",\\n  \\\"replaceDeduct\\\" : 0,\\n  \\\"payType\\\" : \\\"CASH\\\",\\n  \\\"outMode\\\" : \\\"DISCNTFREE\\\",\\n  \\\"cardTypeId\\\" : \\\"4505859ccbc34a88b6c39290413dfee8\\\",\\n  \\\"freeMoney\\\" : 0,\\n  \\\"controlFour\\\" : \\\"0000003246\\\",\\n  \\\"equipId\\\" : \\\"15172ab3cc07425cbb2e2a7bc62c9f88\\\",\\n  \\\"dkTag\\\" : 0,\\n  \\\"subsystemId\\\" : \\\"ff808081554decb10156ba30887303bd\\\",\\n  \\\"outCarPhoto\\\" : \\\"0000008702/NISSP_IMG_PARK_OUT/20180903/0054d387b88a47aeac73eba2c7fed207\\\",\\n  \\\"dataType\\\" : 1,\\n  \\\"overTimeFlag\\\" : 0,\\n  \\\"eventType\\\" : \\\"BRUSHCARD\\\",\\n  \\\"idno\\\" : \\\"0E4A2DE40524\\\",\\n  \\\"inRecordId\\\" : \\\"4554d387b88a42aeacddeba1c12ea1a2\\\",\\n  \\\"carNumber\\\" : \\\"藏-SZX220\\\",\\n  \\\"itemId\\\" : \\\"5de22da521b11aadcaafae23d1db3a31f\\\",\\n  \\\"overTimeYHMoney\\\" : 8.0,\\n  \\\"cardId\\\" : \\\"11111111111111111111111111111111\\\",\\n  \\\"controlUnitId\\\" : \\\"ff808081554decb10156afcdba22037b\\\",\\n  \\\"outTimeInt\\\" : \\\"1537692622\\\",\\n  \\\"parkCode\\\" : \\\"Test_huguobiao\\\",\\n  \\\"hgMoney\\\" : 0.0,\\n  \\\"outTime\\\" : \\\"2018-11-30 09:29:00\\\",\\n  \\\"genTrans\\\" : 0,\\n  \\\"overChargeTime\\\" : \\\"2018-11-29 16:55:00\\\",\\n  \\\"userTypeId\\\" : \\\"4505859ccbc34a88b6c39290413dfee8\\\",\\n  \\\"isReal\\\" : 0,\\n  \\\"sendFlag\\\" : 1,\\n  \\\"parkName\\\" : \\\"胡国彪测试车场\\\",\\n  \\\"ysMoney\\\" : 8.0,\\n  \\\"fileSendCount\\\" : 0,\\n  \\\"yhMoney\\\" : 8.0,\\n  \\\"parkingTime\\\" : 5647,\\n  \\\"operatorName\\\" : \\\"何印茹\\\",\\n  \\\"withHoldMoney\\\" : 0,\\n  \\\"inEquipId\\\" : \\\"587b7c20dabb43ecae2f75c5d3010704\\\",\\n  \\\"inEquipName\\\" : \\\"LG-BA双进右14\\\",\\n  \\\"controlTwo\\\" : \\\"cqfgs\\\",\\n  \\\"outOperator\\\" : \\\"何印茹\\\",\\n  \\\"outEquipCode\\\" : \\\"20\\\",\\n  \\\"overTimeSSMoney\\\" : 0.0,\\n  \\\"ssMoney\\\" : 0.0,\\n  \\\"controlThree\\\" : \\\"hrzdcq\\\",\\n  \\\"parkInId\\\" : \\\"9de13da59944499ca7bb958d4db4722f\\\",\\n  \\\"inTotal\\\" : 0,\\n  \\\"payTypeName\\\" : \\\"CASH\\\",\\n  \\\"inTime\\\" : \\\"2018-11-27 09:52:00\\\",\\n  \\\"outEquipName\\\" : \\\"BA-LG双出右16\\\",\\n  \\\"inEquipCode\\\" : \\\"2\\\",\\n  \\\"recordFlags\\\" : {\\n    \\\"plateNoFrom\\\" : 1,\\n    \\\"onlineCalcType\\\" : \\\"CFTC\\\"\\n  }\\n}\"],\"contenttype\":[\"application/json\"],\"projectId\":[\"633d7be9d4644615b769b91db47c4225\"],\"comment\":[\"dsfas ewqrewq rw\"]}', '2019-01-21 13:49:02');
INSERT INTO `sys_log` VALUES ('f73b375329014ef0b50c714e89f5aa1c', 'super', '用户登录成功', '/login/doLogin', '', '2018-12-27 18:44:55');
INSERT INTO `sys_log` VALUES ('f7747d683be64804a2eac85443080799', 'super', '用户登录成功', '/login/doLogin', '', '2019-01-05 10:48:42');
INSERT INTO `sys_log` VALUES ('f7d8e93db3f54ddfbf08e7980807dcec', 'super', '用户登录成功', '/login/doLogin', '', '2018-12-01 12:56:51');
INSERT INTO `sys_log` VALUES ('f9dd40ea4d63472d88cef9be6c4161e4', 'test', '编辑用户', '/mock/httpmock/doEdit', '{\"id\":[\"40851a998ba34fa69cea6081d9a732f8\"],\"mockName\":[\"云端车牌识别\"],\"path\":[\"/mockTest/api\"],\"responseCode\":[\"500\"],\"responseParameter\":[\"{\\n  \\\"overTimeYSMoney\\\" : 1.0,\\n  \\\"overTimeHGMoney\\\" : 2.0,\\n  \\\"feestime\\\" : \\\"2018-11-30 09:29:00\\\",\\n  \\\"equipmentId\\\" : \\\"15172ab3cc07425cbb2e2a7bc62c9f88\\\",\\n  \\\"parkId\\\" : \\\"b29efd2bb10242429940212fc5249758\\\",\\n  \\\"replaceDeduct\\\" : 0,\\n  \\\"payType\\\" : \\\"CASH\\\",\\n  \\\"outMode\\\" : \\\"DISCNTFREE\\\",\\n  \\\"cardTypeId\\\" : \\\"4505859ccbc34a88b6c39290413dfee8\\\",\\n  \\\"freeMoney\\\" : 0,\\n  \\\"controlFour\\\" : \\\"0000003246\\\",\\n  \\\"equipId\\\" : \\\"15172ab3cc07425cbb2e2a7bc62c9f88\\\",\\n  \\\"dkTag\\\" : 0,\\n  \\\"subsystemId\\\" : \\\"ff808081554decb10156ba30887303bd\\\",\\n  \\\"outCarPhoto\\\" : \\\"0000008702/NISSP_IMG_PARK_OUT/20180903/0054d387b88a47aeac73eba2c7fed207\\\",\\n  \\\"dataType\\\" : 1,\\n  \\\"overTimeFlag\\\" : 0,\\n  \\\"eventType\\\" : \\\"BRUSHCARD\\\",\\n  \\\"idno\\\" : \\\"0E4A2DE40524\\\",\\n  \\\"inRecordId\\\" : \\\"4554d387b88a42aeacddeba1c12ea1a2\\\",\\n  \\\"carNumber\\\" : \\\"藏-SZX220\\\",\\n  \\\"itemId\\\" : \\\"5de22da521b11aadcaafae23d1db3a31f\\\",\\n  \\\"overTimeYHMoney\\\" : 8.0,\\n  \\\"cardId\\\" : \\\"11111111111111111111111111111111\\\",\\n  \\\"controlUnitId\\\" : \\\"ff808081554decb10156afcdba22037b\\\",\\n  \\\"outTimeInt\\\" : \\\"1537692622\\\",\\n  \\\"parkCode\\\" : \\\"Test_huguobiao\\\",\\n  \\\"hgMoney\\\" : 0.0,\\n  \\\"outTime\\\" : \\\"2018-11-30 09:29:00\\\",\\n  \\\"genTrans\\\" : 0,\\n  \\\"overChargeTime\\\" : \\\"2018-11-29 16:55:00\\\",\\n  \\\"userTypeId\\\" : \\\"4505859ccbc34a88b6c39290413dfee8\\\",\\n  \\\"isReal\\\" : 0,\\n  \\\"sendFlag\\\" : 1,\\n  \\\"parkName\\\" : \\\"胡国彪测试车场\\\",\\n  \\\"ysMoney\\\" : 8.0,\\n  \\\"fileSendCount\\\" : 0,\\n  \\\"yhMoney\\\" : 8.0,\\n  \\\"parkingTime\\\" : 5647,\\n  \\\"operatorName\\\" : \\\"何印茹\\\",\\n  \\\"withHoldMoney\\\" : 0,\\n  \\\"inEquipId\\\" : \\\"587b7c20dabb43ecae2f75c5d3010704\\\",\\n  \\\"inEquipName\\\" : \\\"LG-BA双进右14\\\",\\n  \\\"controlTwo\\\" : \\\"cqfgs\\\",\\n  \\\"outOperator\\\" : \\\"何印茹\\\",\\n  \\\"outEquipCode\\\" : \\\"20\\\",\\n  \\\"overTimeSSMoney\\\" : 0.0,\\n  \\\"ssMoney\\\" : 0.0,\\n  \\\"controlThree\\\" : \\\"hrzdcq\\\",\\n  \\\"parkInId\\\" : \\\"9de13da59944499ca7bb958d4db4722f\\\",\\n  \\\"inTotal\\\" : 0,\\n  \\\"payTypeName\\\" : \\\"CASH\\\",\\n  \\\"inTime\\\" : \\\"2018-11-27 09:52:00\\\",\\n  \\\"outEquipName\\\" : \\\"BA-LG双出右16\\\",\\n  \\\"inEquipCode\\\" : \\\"2\\\",\\n  \\\"recordFlags\\\" : {\\n    \\\"plateNoFrom\\\" : 1,\\n    \\\"onlineCalcType\\\" : \\\"CFTC\\\"\\n  }\\n}\"],\"contenttype\":[\"application/json\"],\"projectId\":[\"633d7be9d4644615b769b91db47c4225\"],\"comment\":[\"dsfas ewqrewq rw\"]}', '2019-01-21 13:49:53');
INSERT INTO `sys_log` VALUES ('fc93d85a84cd4a4c966fbb1d67115ff4', 'super', '编辑项目', '/u/project/doEdit', '{\"id\":[\"633d7be9d4644615b769b91db47c4225\"],\"projectName\":[\"云服务对外API\"],\"projectHost\":[\"云服务\"],\"projectDesc\":[\"test\"]}', '2018-12-01 14:12:27');
INSERT INTO `sys_log` VALUES ('fd0c20eaa13a45488b0e8975fdc9b0b5', 'super', '编辑菜单', '/system/menu/doEdit', '{\"id\":[\"20c236c7fb3345b0955e565afdbe5a29\"],\"pid\":[\"3622778e78336a68210b2590163af943\"],\"code\":[\"0908\"],\"menuName\":[\"MD5\"],\"resource\":[\"MD5\"],\"sort\":[\"8\"]}', '2018-12-22 13:35:05');
INSERT INTO `sys_log` VALUES ('fd0e9245be4d4c14a3c5e7037b65d895', 'super', '用户登录成功', '/login/doLogin', '', '2018-12-29 11:51:07');
INSERT INTO `sys_log` VALUES ('fd597bea331241129ef0a333a5dc4c12', 'super', '用户登录成功', '/login/doLogin', '', '2019-01-21 09:54:29');
INSERT INTO `sys_log` VALUES ('fe43f956bc85449b9f440ff6d5be2513', 'super', '用户登录成功', '/login/doLogin', '', '2018-12-02 21:25:56');
INSERT INTO `sys_log` VALUES ('fec31fa0c4e44fa488098a376c2f7b84', 'super', '编辑用户', '/mock/httpmock/doEdit', '{\"id\":[\"40851a998ba34fa69cea6081d9a732f8\"],\"mockName\":[\"云端车牌识别1\"],\"path\":[\"/mockTest/api\"],\"responseCode\":[\"200\"],\"responseParameter\":[\"{\\n  \\\"overTimeYSMoney\\\" : 8.0,\\n  \\\"overTimeHGMoney\\\" : 0.0,\\n  \\\"feestime\\\" : \\\"2018-11-30 09:29:00\\\",\\n  \\\"equipmentId\\\" : \\\"15172ab3cc07425cbb2e2a7bc62c9f88\\\",\\n  \\\"parkId\\\" : \\\"b29efd2bb10242429940212fc5249758\\\",\\n  \\\"replaceDeduct\\\" : 0,\\n  \\\"payType\\\" : \\\"CASH\\\",\\n  \\\"outMode\\\" : \\\"DISCNTFREE\\\",\\n  \\\"cardTypeId\\\" : \\\"4505859ccbc34a88b6c39290413dfee8\\\",\\n  \\\"freeMoney\\\" : 0,\\n  \\\"controlFour\\\" : \\\"0000003246\\\",\\n  \\\"equipId\\\" : \\\"15172ab3cc07425cbb2e2a7bc62c9f88\\\",\\n  \\\"dkTag\\\" : 0,\\n  \\\"subsystemId\\\" : \\\"ff808081554decb10156ba30887303bd\\\",\\n  \\\"outCarPhoto\\\" : \\\"0000008702/NISSP_IMG_PARK_OUT/20180903/0054d387b88a47aeac73eba2c7fed207\\\",\\n  \\\"dataType\\\" : 1,\\n  \\\"overTimeFlag\\\" : 0,\\n  \\\"eventType\\\" : \\\"BRUSHCARD\\\",\\n  \\\"idno\\\" : \\\"0E4A2DE40524\\\",\\n  \\\"inRecordId\\\" : \\\"4554d387b88a42aeacddeba1c12ea1a2\\\",\\n  \\\"carNumber\\\" : \\\"藏-SZX220\\\",\\n  \\\"itemId\\\" : \\\"5de22da521b11aadcaafae23d1db3a31f\\\",\\n  \\\"overTimeYHMoney\\\" : 8.0,\\n  \\\"cardId\\\" : \\\"11111111111111111111111111111111\\\",\\n  \\\"controlUnitId\\\" : \\\"ff808081554decb10156afcdba22037b\\\",\\n  \\\"outTimeInt\\\" : \\\"1537692622\\\",\\n  \\\"parkCode\\\" : \\\"Test_huguobiao\\\",\\n  \\\"hgMoney\\\" : 0.0,\\n  \\\"outTime\\\" : \\\"2018-11-30 09:29:00\\\",\\n  \\\"genTrans\\\" : 0,\\n  \\\"overChargeTime\\\" : \\\"2018-11-29 16:55:00\\\",\\n  \\\"userTypeId\\\" : \\\"4505859ccbc34a88b6c39290413dfee8\\\",\\n  \\\"isReal\\\" : 0,\\n  \\\"sendFlag\\\" : 1,\\n  \\\"parkName\\\" : \\\"胡国彪测试车场\\\",\\n  \\\"ysMoney\\\" : 8.0,\\n  \\\"fileSendCount\\\" : 0,\\n  \\\"yhMoney\\\" : 8.0,\\n  \\\"parkingTime\\\" : 5647,\\n  \\\"operatorName\\\" : \\\"何印茹\\\",\\n  \\\"withHoldMoney\\\" : 0,\\n  \\\"inEquipId\\\" : \\\"587b7c20dabb43ecae2f75c5d3010704\\\",\\n  \\\"inEquipName\\\" : \\\"LG-BA双进右14\\\",\\n  \\\"controlTwo\\\" : \\\"cqfgs\\\",\\n  \\\"outOperator\\\" : \\\"何印茹\\\",\\n  \\\"outEquipCode\\\" : \\\"20\\\",\\n  \\\"overTimeSSMoney\\\" : 0.0,\\n  \\\"ssMoney\\\" : 0.0,\\n  \\\"controlThree\\\" : \\\"hrzdcq\\\",\\n  \\\"parkInId\\\" : \\\"9de13da59944499ca7bb958d4db4722f\\\",\\n  \\\"inTotal\\\" : 0,\\n  \\\"payTypeName\\\" : \\\"CASH\\\",\\n  \\\"inTime\\\" : \\\"2018-11-27 09:52:00\\\",\\n  \\\"outEquipName\\\" : \\\"BA-LG双出右16\\\",\\n  \\\"inEquipCode\\\" : \\\"2\\\",\\n  \\\"recordFlags\\\" : {\\n    \\\"plateNoFrom\\\" : 1,\\n    \\\"onlineCalcType\\\" : \\\"CFTC\\\"\\n  }\\n}\"],\"contenttype\":[\"application/json\"],\"projectId\":[\"633d7be9d4644615b769b91db47c4225\"],\"comment\":[\"dsfas ewqrewq rw\"]}', '2018-12-04 17:35:07');
INSERT INTO `sys_log` VALUES ('fedfc68dfc344f6a84cbc30b5d943aed', 'super', '编辑菜单', '/system/menu/doEdit', '{\"id\":[\"24cf77e4ab36409786d02c6c0bc10429\"],\"pid\":[\"9\"],\"code\":[\"0908\"],\"menuName\":[\"MD5\"],\"url\":[\"/md5\"],\"sort\":[\"8\"],\"icon\":[\"fa-linkedin\"]}', '2018-12-24 11:54:44');
INSERT INTO `sys_log` VALUES ('ffbe58fb038d4e99b1bc8abac5ff4f44', 'admin', '用户登录成功', '/login/doLogin', '', '2018-04-15 11:38:37');
INSERT INTO `sys_log` VALUES ('ffe75bc5287d4d29a54df66de6e9eb76', 'test', '用户登录成功', '/login/doLogin', '', '2019-01-11 09:37:27');

-- ----------------------------
-- Table structure for sys_menu
-- ----------------------------
DROP TABLE IF EXISTS `sys_menu`;
CREATE TABLE `sys_menu` (
  `id` varchar(50) NOT NULL COMMENT '主键',
  `menuName` varchar(50) NOT NULL COMMENT '菜单名称',
  `pid` varchar(50) NOT NULL COMMENT '父级菜单ID',
  `url` varchar(255) DEFAULT NULL COMMENT '连接地址',
  `icon` varchar(50) DEFAULT NULL COMMENT '图标',
  `sort` int(11) DEFAULT '0' COMMENT '排序',
  `deep` int(11) DEFAULT NULL COMMENT '深度',
  `code` varchar(50) DEFAULT NULL COMMENT '编码',
  `resource` varchar(50) DEFAULT NULL COMMENT '资源名称',
  PRIMARY KEY (`id`)
) ENGINE=InnoDB DEFAULT CHARSET=utf8 COMMENT='菜单表';

-- ----------------------------
-- Records of sys_menu
-- ----------------------------
INSERT INTO `sys_menu` VALUES ('0818e1c76bbd44eba3a698547ec4e637', '查询系统设置', '10', null, null, '0', '3', '010600', 'listSetting');
INSERT INTO `sys_menu` VALUES ('0c9b5fc8b44b41d1871a8fc8300247ec', '删除菜单', '4', null, null, '4', '3', '010303', 'deleteMenu');
INSERT INTO `sys_menu` VALUES ('1', '系统管理', '0', null, 'fa fa-cogs', '1', '1', '01', null);
INSERT INTO `sys_menu` VALUES ('1db9105008404a3485b6fac30dba3c0e', '查看角色列表', '3', null, null, '0', '3', '010200', 'listRole');
INSERT INTO `sys_menu` VALUES ('2', '用户管理', '1', '/system/user/list/1', 'fa-user-circle-o', '1', '2', '0101', 'user');
INSERT INTO `sys_menu` VALUES ('24cf77e4ab36409786d02c6c0bc10429', 'MD5', '9', '/md5', 'fa-linkedin', '8', '2', '0908', null);
INSERT INTO `sys_menu` VALUES ('3', '角色管理', '1', '/system/role/list/1', 'fa-users', '2', '2', '0102', 'role');
INSERT INTO `sys_menu` VALUES ('3622778e78336a68210b2590163af943', '项目管理', '9', '/u/project/list/1', 'fa-pencil-square ', '2', '2', '0901', 'role');
INSERT INTO `sys_menu` VALUES ('363a778e78a346a68210b2590163a943', '编辑部门', '22e38e885f9b40b9aae6a36deb78e89c', null, null, '2', '3', '010402', 'editDept');
INSERT INTO `sys_menu` VALUES ('3f26102ef0e04c3c9328cb97067cc5fa', '创建菜单', '4', null, null, '1', '3', '010301', 'addMenu');
INSERT INTO `sys_menu` VALUES ('3fb6a7a5935b4efabf3de82e7e1baeb6', '新增部门', '22e38e885f9b40b9aae6a36deb78e89c', null, null, '1', '3', '010401', 'addDept');
INSERT INTO `sys_menu` VALUES ('4', '菜单管理', '1', '/system/menu/list/1', 'fa-list', '3', '2', '0103', 'menu');
INSERT INTO `sys_menu` VALUES ('4253190001c1480fb0d631d64d150535', '编辑用户', '2', null, null, '2', '3', '010102', 'editUser');
INSERT INTO `sys_menu` VALUES ('42dd5ae31e3a43b3a197440e8ec19a94', '监控列表', 'f5a20c82110b4a3ea9e30ca01a038680', null, null, '1', '3', '010701', 'monitorList');
INSERT INTO `sys_menu` VALUES ('488ef1eff57b4827acade7c0744278ce', '查看菜单列表', '4', null, null, '0', '3', '010300', 'listMenu');
INSERT INTO `sys_menu` VALUES ('488ef1wwf57b4827acad47c0744278ce', '用例管理', '9', '/u/testcase/list/1', 'fa-sitemap ', '3', '2', '0903', 'menu');
INSERT INTO `sys_menu` VALUES ('4e816a9854714d24b0413d929d637a2b', '查看部门列表', '22e38e885f9b40b9aae6a36deb78e89c', null, null, '0', '3', '010400', 'listDept');
INSERT INTO `sys_menu` VALUES ('4f8cd6a446e044d4add6c3b3f828f79b', '性能基线库', '5311b418a154496cb13a888db50854a9', '/performance/list/1', 'fa-search', '11', '2', '1001', null);
INSERT INTO `sys_menu` VALUES ('5', '部门管理', '1', '/system/dept/list/1', 'fa-graduation-cap', '4', '2', '0104', 'dept');
INSERT INTO `sys_menu` VALUES ('5311b418a154496cb13a888db50854a9', '性能测试', '0', null, 'fa-battery-4', '10', '1', '10', null);
INSERT INTO `sys_menu` VALUES ('543850c7988a458494fd524d65059aac', 'httpmock', '9', '/mock/httpmock/list/1', 'fa-coffee', '5', '2', '0905', null);
INSERT INTO `sys_menu` VALUES ('54a62cc5055b4a47873251c560625f6f', 'KafkaProducer', '9', '/kafkaProducer/view', 'fa-flash', '6', '2', '0906', null);
INSERT INTO `sys_menu` VALUES ('5d3dd56c16ff4e32aecae1b3228159c7', '查看日志列表', '5', null, null, '0', '3', '010500', 'listLog');
INSERT INTO `sys_menu` VALUES ('6', '操作日志', '1', '/system/log/list/1', 'fa-info-circle', '5', '2', '0105', 'log');
INSERT INTO `sys_menu` VALUES ('60dda993d87647f5989c15f14f866df9', '新增角色', '3', null, null, '1', '3', '010201', 'addRole');
INSERT INTO `sys_menu` VALUES ('649b484b58414d91aefa5a26143e6557', '删除用户', '2', null, null, '3', '3', '010103', 'deleteUser');
INSERT INTO `sys_menu` VALUES ('686630c7cb624cc786dcdc9958971a6b', '编辑角色', '3', null, null, '2', '3', '010202', 'editRole');
INSERT INTO `sys_menu` VALUES ('7', '系统配置', '1', '/system/setting/page', ' fa-cog', '6', '2', '0106', 'setting');
INSERT INTO `sys_menu` VALUES ('79d78b8357174cac8f44abd275dec597', '删除部门', '22e38e885f9b40b9aae6a36deb78e89c', null, null, '3', '3', '010403', 'deleteDept');
INSERT INTO `sys_menu` VALUES ('7e248c88ab2c490a99987312796e1285', 'KafkaConsumer', '9', '/kafkaConsumer/view', 'fa-file', '9', '2', '0909', null);
INSERT INTO `sys_menu` VALUES ('8', '系统监控', '1', '/system/monitor/list', 'fa-eye', '7', '2', '0107', null);
INSERT INTO `sys_menu` VALUES ('9', '测试管理', '0', null, 'fa-h-square', '1', '1', '09', null);
INSERT INTO `sys_menu` VALUES ('915c309ebe5047b68645b3eb777dd8c9', '操作系统设置', '10', null, null, '1', '3', '010601', 'doSetting');
INSERT INTO `sys_menu` VALUES ('a5ebf29168234406939856bc6890c86b', '角色授权', '3', null, null, '4', '3', '010204', 'authRole');
INSERT INTO `sys_menu` VALUES ('a73802e513cc4465883530ec8074abbb', '新增用户', '2', null, null, '1', '3', '010101', 'addUser');
INSERT INTO `sys_menu` VALUES ('b4e7232189b14cf3ba160cf7b0d3bf37', '删除角色', '3', null, null, '3', '3', '010203', 'deleteRole');
INSERT INTO `sys_menu` VALUES ('d2bc30feb5474a1bb7e02d48d39a3f8a', '查看用户列表', '2', null, null, '0', '3', '010100', 'listUser');
INSERT INTO `sys_menu` VALUES ('dc5f478d98ed4297a8ae638fe90df050', '编辑菜单', '4', null, null, '3', '3', '010302', 'editMenu');
INSERT INTO `sys_menu` VALUES ('e7f7ff23bec94a6ba694f8f106141c20', 'JSON格式化', '9', '/json', 'fa-underline', '7', '2', '0907', null);
INSERT INTO `sys_menu` VALUES ('f899f223baec4571b1c786717f9906fd', '测试报告', '9', '/u/testcase/list/1', 'fa-line-chart', '4', '2', '0904', 'dept');
INSERT INTO `sys_menu` VALUES ('f899f3d3baec4571b1c786717f9906fd', '批量删除角色', '3', null, null, '5', '3', '010205', 'deleteBatchRole');

-- ----------------------------
-- Table structure for sys_role
-- ----------------------------
DROP TABLE IF EXISTS `sys_role`;
CREATE TABLE `sys_role` (
  `id` varchar(50) NOT NULL COMMENT '主键',
  `roleName` varchar(50) NOT NULL COMMENT '角色名称',
  `roleDesc` varchar(300) DEFAULT NULL COMMENT '角色描述',
  `roleState` int(2) DEFAULT '1' COMMENT '状态,1-启用,-1禁用',
  `createTime` datetime DEFAULT NULL COMMENT '创建时间',
  PRIMARY KEY (`id`)
) ENGINE=InnoDB DEFAULT CHARSET=utf8 COMMENT='角色表';

-- ----------------------------
-- Records of sys_role
-- ----------------------------
INSERT INTO `sys_role` VALUES ('21f45e5543a049be9f169a3f5e6b72a8', '超级管理员', '超级管理员', '1', '2017-09-14 15:02:16');
INSERT INTO `sys_role` VALUES ('6a2994e4788a44f0973b5ca6ac4b6d73', '普通用户', '', '1', '2018-04-12 18:41:40');
INSERT INTO `sys_role` VALUES ('b1f9ce5543a049be9f169a3f5e6b72a8', '管理员', '管理员', '1', '2017-09-14 15:02:16');

-- ----------------------------
-- Table structure for sys_role_menu
-- ----------------------------
DROP TABLE IF EXISTS `sys_role_menu`;
CREATE TABLE `sys_role_menu` (
  `id` varchar(50) NOT NULL COMMENT '主键',
  `roleId` varchar(50) NOT NULL COMMENT '角色主键',
  `menuId` varchar(50) NOT NULL COMMENT '菜单主键',
  PRIMARY KEY (`id`)
) ENGINE=InnoDB DEFAULT CHARSET=utf8 COMMENT='角色菜单关联表';

-- ----------------------------
-- Records of sys_role_menu
-- ----------------------------
INSERT INTO `sys_role_menu` VALUES ('05dbd68343904d31a223001292e14bbc', '21f45e5543a049be9f169a3f5e6b72a8', '686630c7cb624cc786dcdc9958971a6b');
INSERT INTO `sys_role_menu` VALUES ('072036e2f5ba4e05888038b59ac4152a', '6a2994e4788a44f0973b5ca6ac4b6d73', '5311b418a154496cb13a888db50854a9');
INSERT INTO `sys_role_menu` VALUES ('0c13c7bc6b29421d869156c972a7e775', '21f45e5543a049be9f169a3f5e6b72a8', '0c9b5fc8b44b41d1871a8fc8300247ec');
INSERT INTO `sys_role_menu` VALUES ('0da416df9a804258a3e827b9f6dadf5f', '6a2994e4788a44f0973b5ca6ac4b6d73', '7e248c88ab2c490a99987312796e1285');
INSERT INTO `sys_role_menu` VALUES ('107384a5838e41bb997d8d34da91f153', '21f45e5543a049be9f169a3f5e6b72a8', '488ef1eff57b4827acade7c0744278ce');
INSERT INTO `sys_role_menu` VALUES ('11b76a04838c459f8f4d68a06763b802', 'b1f9ce5543a049be9f169a3f5e6b72a8', '1');
INSERT INTO `sys_role_menu` VALUES ('12804303f6114611aa65aff1b5f1b46c', 'b1f9ce5543a049be9f169a3f5e6b72a8', 'a73802e513cc4465883530ec8074abbb');
INSERT INTO `sys_role_menu` VALUES ('1bb2062ec9ef49bab2224c87a8aa63b2', 'b1f9ce5543a049be9f169a3f5e6b72a8', '4253190001c1480fb0d631d64d150535');
INSERT INTO `sys_role_menu` VALUES ('21bbb6af89d94b3f915b6f38f520c0de', '21f45e5543a049be9f169a3f5e6b72a8', 'a73802e513cc4465883530ec8074abbb');
INSERT INTO `sys_role_menu` VALUES ('22b7f8204e2d436097b2f01b327411c7', '21f45e5543a049be9f169a3f5e6b72a8', '4f8cd6a446e044d4add6c3b3f828f79b');
INSERT INTO `sys_role_menu` VALUES ('23131fe35db34c54ac9e6aec3e3e65de', '21f45e5543a049be9f169a3f5e6b72a8', '3622778e78336a68210b2590163af943');
INSERT INTO `sys_role_menu` VALUES ('23502b6645f64f01925b485f161c51e3', 'b1f9ce5543a049be9f169a3f5e6b72a8', '649b484b58414d91aefa5a26143e6557');
INSERT INTO `sys_role_menu` VALUES ('26e96d1955114103b1cb571e1c2b4f86', 'b1f9ce5543a049be9f169a3f5e6b72a8', '1db9105008404a3485b6fac30dba3c0e');
INSERT INTO `sys_role_menu` VALUES ('31c2e8d5040747948409a634adf60271', 'b1f9ce5543a049be9f169a3f5e6b72a8', '60dda993d87647f5989c15f14f866df9');
INSERT INTO `sys_role_menu` VALUES ('31eb2b402c384dd180521dfc337394a0', 'b1f9ce5543a049be9f169a3f5e6b72a8', '686630c7cb624cc786dcdc9958971a6b');
INSERT INTO `sys_role_menu` VALUES ('322f191d45f74d75968b7e7850a6e3b8', '21f45e5543a049be9f169a3f5e6b72a8', 'dc5f478d98ed4297a8ae638fe90df050');
INSERT INTO `sys_role_menu` VALUES ('334r3d807d83448499aacadd5cda5637', 'b1f9ce5543a049be9f169a3f5e6b72a8', 'd2bc30feb5474a1bb7e02d48d39a3f8a');
INSERT INTO `sys_role_menu` VALUES ('33eea8e1de88458988be9b695c2e0158', 'b1f9ce5543a049be9f169a3f5e6b72a8', '9');
INSERT INTO `sys_role_menu` VALUES ('41a8d3ed13a24c3f9063a1680efb903d', '21f45e5543a049be9f169a3f5e6b72a8', '488ef1wwf57b4827acad47c0744278ce');
INSERT INTO `sys_role_menu` VALUES ('45e016b09b6e4d0fb23305c0bec887cb', '21f45e5543a049be9f169a3f5e6b72a8', 'f899f223baec4571b1c786717f9906fd');
INSERT INTO `sys_role_menu` VALUES ('48f25f7bdc92424ba5989c776168ae06', '21f45e5543a049be9f169a3f5e6b72a8', '5d3dd56c16ff4e32aecae1b3228159c7');
INSERT INTO `sys_role_menu` VALUES ('4b24f4b985bd4178991b3bdd23d2a0c4', '21f45e5543a049be9f169a3f5e6b72a8', '24cf77e4ab36409786d02c6c0bc10429');
INSERT INTO `sys_role_menu` VALUES ('4f7cc5ea5949451889446a293bec09c9', '21f45e5543a049be9f169a3f5e6b72a8', '54a62cc5055b4a47873251c560625f6f');
INSERT INTO `sys_role_menu` VALUES ('513e3804f2fc46bfb9f232c4c4b5f902', 'b1f9ce5543a049be9f169a3f5e6b72a8', 'b4e7232189b14cf3ba160cf7b0d3bf37');
INSERT INTO `sys_role_menu` VALUES ('530311ade3ee473badebaf72f7746c01', '21f45e5543a049be9f169a3f5e6b72a8', '1db9105008404a3485b6fac30dba3c0e');
INSERT INTO `sys_role_menu` VALUES ('550807336ba14fd8bbe645df9825e12b', '21f45e5543a049be9f169a3f5e6b72a8', '8');
INSERT INTO `sys_role_menu` VALUES ('5847297d4e3c4b32b50a93beeba80570', '6a2994e4788a44f0973b5ca6ac4b6d73', '24cf77e4ab36409786d02c6c0bc10429');
INSERT INTO `sys_role_menu` VALUES ('5880dbf5546549f6b700e059d0afc50f', '6a2994e4788a44f0973b5ca6ac4b6d73', 'e7f7ff23bec94a6ba694f8f106141c20');
INSERT INTO `sys_role_menu` VALUES ('5baf7c7b17694c98912cba2b27d44a3a', '21f45e5543a049be9f169a3f5e6b72a8', '649b484b58414d91aefa5a26143e6557');
INSERT INTO `sys_role_menu` VALUES ('5c5d0a6511624ea1aa113dbb89e0106f', '6a2994e4788a44f0973b5ca6ac4b6d73', '9');
INSERT INTO `sys_role_menu` VALUES ('5e0a6c9c570643958fab11b9f8a8ea08', 'b1f9ce5543a049be9f169a3f5e6b72a8', '2');
INSERT INTO `sys_role_menu` VALUES ('5fa6499e470e40c58ca2bdb73d5d970f', '21f45e5543a049be9f169a3f5e6b72a8', '6');
INSERT INTO `sys_role_menu` VALUES ('6446e167ca8847939e2c1e70fa73d82c', 'b1f9ce5543a049be9f169a3f5e6b72a8', 'a5ebf29168234406939856bc6890c86b');
INSERT INTO `sys_role_menu` VALUES ('68f5996eae5040379147e1d1e8ec6af2', 'b1f9ce5543a049be9f169a3f5e6b72a8', 'f899f3d3baec4571b1c786717f9906fd');
INSERT INTO `sys_role_menu` VALUES ('6f038b4f8e614bd0b914152d97f81f9d', 'b1f9ce5543a049be9f169a3f5e6b72a8', '488ef1eff57b4827acade7c0744278ce');
INSERT INTO `sys_role_menu` VALUES ('72d9b502291642fd90fb607e857971f3', 'b1f9ce5543a049be9f169a3f5e6b72a8', '3f26102ef0e04c3c9328cb97067cc5fa');
INSERT INTO `sys_role_menu` VALUES ('74a979a97346493aa9c3a95b1345c251', '21f45e5543a049be9f169a3f5e6b72a8', '1');
INSERT INTO `sys_role_menu` VALUES ('78443a9336684248a93c32c3f1f39496', 'b1f9ce5543a049be9f169a3f5e6b72a8', 'dc5f478d98ed4297a8ae638fe90df050');
INSERT INTO `sys_role_menu` VALUES ('7ce360f268844051bec8d0954984e420', 'b1f9ce5543a049be9f169a3f5e6b72a8', '0c9b5fc8b44b41d1871a8fc8300247ec');
INSERT INTO `sys_role_menu` VALUES ('7f05458688244d36affed9b727d9be33', '21f45e5543a049be9f169a3f5e6b72a8', '543850c7988a458494fd524d65059aac');
INSERT INTO `sys_role_menu` VALUES ('8064cce7aaea4b77b968e3985784e6c7', 'b1f9ce5543a049be9f169a3f5e6b72a8', '4e816a9854714d24b0413d929d637a2b');
INSERT INTO `sys_role_menu` VALUES ('80c0039fbe6047f7afb58f2b00a24c86', 'b1f9ce5543a049be9f169a3f5e6b72a8', '3fb6a7a5935b4efabf3de82e7e1baeb6');
INSERT INTO `sys_role_menu` VALUES ('89acf71769434f738586530d99c16670', 'b1f9ce5543a049be9f169a3f5e6b72a8', '363a778e78a346a68210b2590163a943');
INSERT INTO `sys_role_menu` VALUES ('8af22746fc2947a5bbc1cc69639b43c4', '6a2994e4788a44f0973b5ca6ac4b6d73', '54a62cc5055b4a47873251c560625f6f');
INSERT INTO `sys_role_menu` VALUES ('8be3a4fa4373481e8220f5402fd835fb', 'b1f9ce5543a049be9f169a3f5e6b72a8', '79d78b8357174cac8f44abd275dec597');
INSERT INTO `sys_role_menu` VALUES ('960c6364c8cc43cba8d4e87f6ccca15c', '21f45e5543a049be9f169a3f5e6b72a8', '4253190001c1480fb0d631d64d150535');
INSERT INTO `sys_role_menu` VALUES ('9bc48f4ff8b945f5ac1a528ca2fd0a2d', '21f45e5543a049be9f169a3f5e6b72a8', '3');
INSERT INTO `sys_role_menu` VALUES ('9f513c72bcf34e6387fdb3eab19128b0', '21f45e5543a049be9f169a3f5e6b72a8', '4');
INSERT INTO `sys_role_menu` VALUES ('a2340e3dc018496fa3d246585d5c55ac', '21f45e5543a049be9f169a3f5e6b72a8', '9');
INSERT INTO `sys_role_menu` VALUES ('a33d29462c8e444b978b84e86909735f', 'b1f9ce5543a049be9f169a3f5e6b72a8', '3622778e78336a68210b2590163af943');
INSERT INTO `sys_role_menu` VALUES ('af8fc086d6f64fb0bcb637e6a98f9603', '21f45e5543a049be9f169a3f5e6b72a8', 'b4e7232189b14cf3ba160cf7b0d3bf37');
INSERT INTO `sys_role_menu` VALUES ('b8bf53bc690044ffad0484f0ac4cd361', '21f45e5543a049be9f169a3f5e6b72a8', '7e248c88ab2c490a99987312796e1285');
INSERT INTO `sys_role_menu` VALUES ('b96a90a8e6fb4caca2a51b9644051a78', '21f45e5543a049be9f169a3f5e6b72a8', 'd2bc30feb5474a1bb7e02d48d39a3f8a');
INSERT INTO `sys_role_menu` VALUES ('bab09fed55274315a8301967ff9b62b8', 'b1f9ce5543a049be9f169a3f5e6b72a8', '488ef1wwf57b4827acad47c0744278ce');
INSERT INTO `sys_role_menu` VALUES ('bbdf96df9dce4a8686706cdc647285ad', 'b1f9ce5543a049be9f169a3f5e6b72a8', 'f899f223baec4571b1c786717f9906fd');
INSERT INTO `sys_role_menu` VALUES ('bcbdd4b4d5e647dcbad734b395c0f494', '21f45e5543a049be9f169a3f5e6b72a8', '2');
INSERT INTO `sys_role_menu` VALUES ('d004ce29d3264beea8dab05b88231ac2', '21f45e5543a049be9f169a3f5e6b72a8', 'a5ebf29168234406939856bc6890c86b');
INSERT INTO `sys_role_menu` VALUES ('d1b47beb8d1e406798ea9300216262e1', 'b1f9ce5543a049be9f169a3f5e6b72a8', '4');
INSERT INTO `sys_role_menu` VALUES ('d3102d2a47ce432d86da79af7bca0ec8', '21f45e5543a049be9f169a3f5e6b72a8', 'e7f7ff23bec94a6ba694f8f106141c20');
INSERT INTO `sys_role_menu` VALUES ('d41657b1a78a4d6a8f94d9fc8c55c510', '21f45e5543a049be9f169a3f5e6b72a8', '60dda993d87647f5989c15f14f866df9');
INSERT INTO `sys_role_menu` VALUES ('d5aece5f848b44d0aeb6677f808ea2b3', '21f45e5543a049be9f169a3f5e6b72a8', '3f26102ef0e04c3c9328cb97067cc5fa');
INSERT INTO `sys_role_menu` VALUES ('d81146415607483694aec8c51fa29dd8', '21f45e5543a049be9f169a3f5e6b72a8', '5');
INSERT INTO `sys_role_menu` VALUES ('d9909743c819430d893d5c853e6e20c3', '6a2994e4788a44f0973b5ca6ac4b6d73', '3622778e78336a68210b2590163af943');
INSERT INTO `sys_role_menu` VALUES ('e29b230a32a64ad49f74ca4b125ba3bf', 'b1f9ce5543a049be9f169a3f5e6b72a8', '3');
INSERT INTO `sys_role_menu` VALUES ('ebe8220c4390448e93ee0b5cdecba4a2', '21f45e5543a049be9f169a3f5e6b72a8', '5311b418a154496cb13a888db50854a9');
INSERT INTO `sys_role_menu` VALUES ('ed665259e9524305ba44bf6dae91549e', '21f45e5543a049be9f169a3f5e6b72a8', 'f899f3d3baec4571b1c786717f9906fd');
INSERT INTO `sys_role_menu` VALUES ('ee7be303fd8b482186f43b11149850a9', '6a2994e4788a44f0973b5ca6ac4b6d73', '543850c7988a458494fd524d65059aac');
INSERT INTO `sys_role_menu` VALUES ('f87bad15123e456e839ff908032ed218', '6a2994e4788a44f0973b5ca6ac4b6d73', '4f8cd6a446e044d4add6c3b3f828f79b');
INSERT INTO `sys_role_menu` VALUES ('f8cc1cc16e4544b7a1d52f6e514a18fa', 'b1f9ce5543a049be9f169a3f5e6b72a8', '5');
INSERT INTO `sys_role_menu` VALUES ('fab452e092ca4d76a24c164c7d239c43', '21f45e5543a049be9f169a3f5e6b72a8', '7');

-- ----------------------------
-- Table structure for sys_setting
-- ----------------------------
DROP TABLE IF EXISTS `sys_setting`;
CREATE TABLE `sys_setting` (
  `Id` varchar(50) NOT NULL COMMENT '主键',
  `sysKey` varchar(50) NOT NULL COMMENT 'KEY',
  `sysName` varchar(50) NOT NULL COMMENT '名称',
  `sysValue` varchar(300) DEFAULT NULL COMMENT '值',
  `sort` int(11) DEFAULT '0' COMMENT '排序',
  `sysDesc` varchar(300) DEFAULT NULL COMMENT '说明',
  PRIMARY KEY (`Id`)
) ENGINE=InnoDB DEFAULT CHARSET=utf8 COMMENT='系统设置表';

-- ----------------------------
-- Records of sys_setting
-- ----------------------------
INSERT INTO `sys_setting` VALUES ('1', 'systemName', '系统名称', 'JIESHUN', '0', null);
INSERT INTO `sys_setting` VALUES ('2', 'systemSubName', '系统简称', 'JIESHUN测试平台', '1', null);
INSERT INTO `sys_setting` VALUES ('3', 'bottomCopyright', '许可说明', 'Copyright © 2018JIESHUN. All rights reserved.', '2', null);

-- ----------------------------
-- Table structure for sys_user
-- ----------------------------
DROP TABLE IF EXISTS `sys_user`;
CREATE TABLE `sys_user` (
  `id` varchar(50) NOT NULL COMMENT '主键',
  `userName` varchar(50) NOT NULL COMMENT '用户名',
  `password` varchar(50) NOT NULL COMMENT '密码',
  `userState` int(2) NOT NULL DEFAULT '1' COMMENT '用户状态,1-启用,-1禁用',
  `createTime` datetime DEFAULT NULL COMMENT '创建时间',
  `userDesc` varchar(300) DEFAULT NULL COMMENT '描述',
  `userImg` varchar(300) DEFAULT 'http://news.mydrivers.com/Img/20110518/04481549.png' COMMENT '头像',
  `deptId` varchar(50) DEFAULT NULL COMMENT '部门主键',
  PRIMARY KEY (`id`)
) ENGINE=InnoDB DEFAULT CHARSET=utf8 COMMENT='用户表';

-- ----------------------------
-- Records of sys_user
-- ----------------------------
INSERT INTO `sys_user` VALUES ('45300712cbc343d3998a065164b72067', 'test', '4292bb58be34c59d28a0dcbd11932d49', '1', '2018-04-12 18:42:05', '', '/app/images/header.png', 'yfb44429b597d754c4180c6b40cdfb0f565');
INSERT INTO `sys_user` VALUES ('55444431f9f74dfbae585b87b0cde933', 'admin', '038bdaf98f2037b31f1e75b5b4c9b26e', '1', '2017-09-14 15:02:17', '', '/app/images/header.png', 'djcpt329b597d754c4180c6b40cdfb0f565');
INSERT INTO `sys_user` VALUES ('c79ba431f9f74dfbae585b87b0cde933', 'super', '786491ff91b798e6eebf68bf28ddd847', '1', '2017-09-14 15:02:17', '', '/app/images/header.png', 'djcpt329b597d754c4180c6b40cdfb0f565');

-- ----------------------------
-- Table structure for sys_user_role
-- ----------------------------
DROP TABLE IF EXISTS `sys_user_role`;
CREATE TABLE `sys_user_role` (
  `Id` varchar(50) NOT NULL COMMENT '主键',
  `userId` varchar(50) NOT NULL COMMENT '用户主键',
  `roleId` varchar(50) NOT NULL COMMENT '角色主键',
  PRIMARY KEY (`Id`)
) ENGINE=InnoDB DEFAULT CHARSET=utf8 COMMENT='用户角色关联表';

-- ----------------------------
-- Records of sys_user_role
-- ----------------------------
INSERT INTO `sys_user_role` VALUES ('4530ddddcbc343d3998a065164b72067', '45300712cbc343d3998a065164b72067', '6a2994e4788a44f0973b5ca6ac4b6d73');
INSERT INTO `sys_user_role` VALUES ('545e710ca0d44de8b98a25e2caa5768d', 'c79ba431f9f74dfbae585b87b0cde933', '21f45e5543a049be9f169a3f5e6b72a8');
INSERT INTO `sys_user_role` VALUES ('cc57a825df4f4a15a417be1e58cc4ae7', '55444431f9f74dfbae585b87b0cde933', 'b1f9ce5543a049be9f169a3f5e6b72a8');

-- ----------------------------
-- Table structure for testcase
-- ----------------------------
DROP TABLE IF EXISTS `testcase`;
CREATE TABLE `testcase` (
  `id` varchar(50) NOT NULL COMMENT '主键',
  `testcaseName` varchar(100) NOT NULL,
  `comment` varchar(100) NOT NULL,
  `contenttype` varchar(100) NOT NULL,
  `createTime` datetime NOT NULL,
  `parameter` varchar(5000) NOT NULL,
  `path` varchar(100) NOT NULL,
  `projectId` varchar(50) DEFAULT NULL COMMENT '项目主键',
  PRIMARY KEY (`id`)
) ENGINE=InnoDB DEFAULT CHARSET=utf8 COMMENT='测试用例表';

-- ----------------------------
-- Records of testcase
-- ----------------------------
INSERT INTO `testcase` VALUES ('04f81390693b49acabe1f58d77dd20ee', '云端车牌识别接口', '测试', 'application/json', '2018-12-02 16:52:16', 'wd=test', 'http://www.baidu.com', '633d7be9d4644615b769b91db47c4225');
